tree
version=v4
num_class=1
num_tree_per_iteration=1
label_index=0
max_feature_idx=44
objective=regression
feature_names=fault_intensity max_stable_intensity breaking_intensity blast_radius_percent cascade_depth system_severity latency_ratio error_delta stability_score avg_cpu_percent max_cpu_percent avg_memory_mb max_memory_mb total_endpoints total_requests impact_order degraded_fraction stability_score_lag1 stability_score_lag2 stability_score_lag3 stability_score_roll3 stability_score_roll7 latency_ratio_lag1 latency_ratio_lag2 latency_ratio_lag3 latency_ratio_roll3 latency_ratio_roll7 error_delta_lag1 error_delta_lag2 error_delta_lag3 error_delta_roll3 error_delta_roll7 blast_radius_percent_lag1 blast_radius_percent_lag2 blast_radius_percent_lag3 blast_radius_percent_roll3 blast_radius_percent_roll7 cascade_depth_lag1 cascade_depth_lag2 cascade_depth_lag3 cascade_depth_roll3 cascade_depth_roll7 intensity_above_stable days_since_start experiment_index
feature_infos=[0.050000000000000003:0.94899999999999995] [0.38900000000000001:0.70899999999999996] [0.501:0.86599999999999999] [0:64.200000000000003] [0:5] [0:2] [0.85299999999999998:2.7826] [0:18.896000000000001] [0:100] [12.449999999999999:78.510000000000005] [25.129999999999999:95.370000000000005] [396.80000000000001:701.39999999999998] [417.10000000000002:783.39999999999998] [5:14] [2000:19986] [1:12] [0:0.46379999999999999] [0:100] [0:100] [0:100] [12.437333333333333:100] [56.78442857142857:97.389857142857139] [0.85299999999999998:2.7826] [0.85299999999999998:2.7826] [0.85299999999999998:2.7826] [0.95293333333333397:2.4730666666666665] [1.0247714285714287:1.7136857142857145] [0:18.896000000000001] [0:18.896000000000001] [0:18.896000000000001] [0:13.737] [0.33842857142857113:6.9255714285714296] [0:64.200000000000003] [0:64.200000000000003] [0:64.200000000000003] [7.4700000000000095:54.006666666666682] [20.817142857142859:38.398571428571429] [0:5] [0:5] [0:5] [0.33333333333333331:4.666666666666667] [1.7142857142857142:3.5714285714285716] [0:0.45000000000000007] [14:400] [7:200]
tree_sizes=1514 1467 1556 1536 1675 1429 1420 1434 1643 1437 1405 1443 1455 1427 1542 1554 1556 1523 1328 1671 1654 1785 1430 1404 1536 1510 1636 1456 1773 1311 1352 1614 1505 1624 1558 1649 1441 1551 1550 1576 1475 1666 1568 1603 1239 1577 1699 1464 1372 1698 1465 1688 1357 1709 1582 1599 1594 1468 1675 1475 1336 1380 1485 1715 1187

Tree=0
num_leaves=15
num_cat=0
split_feature=8 6 3 42 8 3 8 0 3 0 4 29 3 4
split_gain=89467.7 9245.64 4940.69 3097.95 1042.67 956.617 269.951 208.048 161.571 148.964 117.315 34.8325 18.1903 11.5485
threshold=71.687500000000014 2.2309000000000005 22.150000000000002 0.19500000000000003 90.358500000000006 11.990000000000002 6.6540000000000008 0.78900000000000015 43.295000000000009 0.44550000000000006 1.5000000000000002 0.030500000000000003 20.745000000000005 1.0000000180025095e-35
decision_type=2 2 2 2 2 2 2 2 2 2 2 2 2 2
left_child=1 3 5 8 -4 13 -3 -5 -1 -6 -7 -11 -12 -2
right_child=2 6 4 7 9 10 -8 -9 -10 11 12 -13 -14 -15
leaf_value=29.188322991739003 27.429411686906484 31.23626801865575 28.770316318250845 30.006010513864233 28.077085115389039 27.763273007703749 30.773857752006432 30.355337033790949 29.484719052484319 28.24814732060678 27.894265495103149 28.377246062624511 28.027404938233126 27.597411350777286
leaf_weight=10.000000000000002 17 13.000000000000002 11.999999999999998 12.000000000000002 10.999999999999998 20 9.9999999999999982 11.999999999999998 9.9999999999999982 15.000000000000002 17.000000000000004 11.999999999999998 10.999999999999998 12.000000000000002
leaf_count=10 17 13 12 12 11 20 10 12 10 15 17 12 11 12
internal_value=28.7559 30.2329 27.9761 29.804 28.3644 27.7249 31.045 30.1868 29.3397 28.2364 27.8665 28.3037 27.9436 27.4945
internal_weight=194 67 127 44 50 77 23 24 20 38 48 27 28 29
internal_count=194 67 127 44 50 77 23 24 20 38 48 27 28 29
is_linear=0
shrinkage=1


Tree=1
num_leaves=14
num_cat=0
split_feature=8 42 11 8 8 0 8 16 4 4 4 29 13
split_gain=80814.3 8323.31 4440.6 2352.21 922.338 780.826 738.113 143.791 119.493 95.531 78.6689 25.3562 11.0242
threshold=71.687500000000014 0.2185 522.50000000000011 10.876500000000002 90.358500000000006 0.20700000000000002 61.698000000000008 0.36015000000000003 2.5000000000000004 1.5000000000000002 1.0000000180025095e-35 0.030500000000000003 9.5000000000000018
decision_type=2 2 2 2 2 2 2 2 2 2 2 2 2
left_child=1 6 5 -3 -4 10 -1 -5 -6 -7 -2 -10 -11
right_child=2 3 4 7 8 9 -8 -9 11 12 -12 -13 -14
leaf_value=1.0111685503710495 -1.2356089938339307 2.3286427278696378 0.013723990493569494 1.3869547823642159 -0.60212215177270756 -0.93649251831244218 0.46604230198639124 1.6998918138108814 -0.46525473791705663 -0.7083334845785767 -1.0367693124227966 -0.34150721719949556 -0.82707810788541236
leaf_weight=11.000000000000002 20 15.999999999999998 11.999999999999998 14.000000000000002 14.999999999999998 15.999999999999998 14.999999999999998 10.999999999999998 12.000000000000002 16.000000000000004 14.999999999999998 9.9999999999999982 10.999999999999998
leaf_count=11 20 16 12 14 15 16 15 11 12 16 15 10 11
internal_value=2.16728e-05 1.40383 -0.741054 1.84735 -0.366798 -0.975329 0.699855 1.53107 -0.49005 -0.827663 -1.15373 -0.411032 -0.759769
internal_weight=194 67 127 41 49 78 26 25 37 43 35 22 27
internal_count=194 67 127 41 49 78 26 25 37 43 35 22 27
is_linear=0
shrinkage=0.05


Tree=2
num_leaves=15
num_cat=0
split_feature=8 16 3 42 8 3 8 0 3 3 5 43 19 3
split_gain=72990.8 7554.34 4051.75 2339.47 846.292 795.338 395.582 166.218 138.185 131.973 81.698 24.3953 13.9376 6.18068
threshold=71.687500000000014 0.36420000000000002 22.150000000000002 0.19500000000000003 90.358500000000006 11.990000000000002 6.6540000000000008 0.78900000000000015 43.295000000000009 29.245000000000001 1.0000000180025095e-35 241.00000000000003 34.309000000000005 20.745000000000005
decision_type=2 2 2 2 2 2 2 2 2 2 2 2 2 2
left_child=1 3 5 8 -4 12 -3 -5 -1 -6 -7 -11 -2 -12
right_child=2 6 4 7 9 10 -8 -9 -10 11 13 -13 -14 -15
leaf_value=0.38526839737844931 -1.03849810694789 2.2417754195118671 0.01304345741744869 1.1072278684323968 -0.60030125625260922 -0.89442434211051891 1.7672472488781636 1.4333860569172077 0.65889544723057514 -0.46419444367437068 -0.78014521124767255 -0.34877478176394838 -1.1984961293678915 -0.67568009510513194
leaf_weight=10.000000000000002 11.000000000000002 13.000000000000002 11.999999999999998 11.000000000000002 12.999999999999998 19 11.999999999999998 10.999999999999998 9.9999999999999982 10.000000000000002 17.000000000000004 14.999999999999998 18 11.999999999999998
leaf_count=10 11 13 12 11 13 19 12 11 10 10 17 15 18 12
internal_value=3.61117e-05 1.33417 -0.704255 0.920709 -0.352614 -0.931775 2.02215 1.27628 0.524928 -0.467948 -0.802697 -0.396807 -1.14176 -0.739561
internal_weight=194 67 127 42 50 77 25 22 20 38 48 25 29 29
internal_count=194 67 127 42 50 77 25 22 20 38 48 25 29 29
is_linear=0
shrinkage=0.05


Tree=3
num_leaves=15
num_cat=0
split_feature=8 6 3 16 8 3 3 0 8 3 12 4 19 28
split_gain=65946.7 7552.85 3064.54 2666.4 565.557 481.833 236.55 211.683 191.034 125.993 33.057 13.7531 12.2127 7.47457
threshold=78.563500000000019 2.2309000000000005 20.745000000000005 0.29435000000000006 92.225000000000009 11.990000000000002 29.245000000000001 0.78900000000000015 6.6540000000000008 43.295000000000009 625.4000000000002 1.5000000000000002 34.309000000000005 0.030500000000000003
decision_type=2 2 2 2 2 2 2 2 2 2 2 2 2 2
left_child=1 3 5 9 -4 12 13 -5 -3 -1 -8 -7 -2 -6
right_child=2 8 4 7 6 11 10 -9 -10 -11 -12 -13 -14 -15
leaf_value=0.31418974560660279 -0.98704098538235474 2.1305422833857643 -0.12203418307067936 1.0311675595873182 -0.67226911407333223 -0.84993726021332261 -0.45710175273654691 1.3543175573567399 1.7371028597992249 0.56713183280264978 -0.32458751615413955 -0.74136606127197979 -1.1389024070613292 -0.56980571819625747
leaf_weight=11.000000000000002 11.000000000000002 13.000000000000002 11.999999999999998 13.000000000000002 11.000000000000002 19 11.000000000000002 12.999999999999998 9.9999999999999982 9.9999999999999982 11.999999999999998 17 18 12.999999999999998
leaf_count=11 11 13 12 13 11 19 11 13 10 10 12 17 18 13
internal_value=7.31149e-05 1.22604 -0.692394 0.859456 -0.430196 -0.929285 -0.508344 1.1975 1.96796 0.436992 -0.389885 -0.801002 -1.08506 -0.61957
internal_weight=194 70 124 47 59 65 47 26 23 21 23 36 29 24
internal_count=194 70 124 47 59 65 47 26 23 21 23 36 29 24
is_linear=0
shrinkage=0.05


Tree=4
num_leaves=16
num_cat=0
split_feature=8 6 11 42 8 0 8 0 11 4 4 4 29 12 6
split_gain=59578.9 6198.03 3293.05 2084.96 676.764 580.135 171.827 147.821 101.154 96.0092 71.222 67.397 20.663 9.26649 3.07934
threshold=71.687500000000014 2.2309000000000005 522.50000000000011 0.19500000000000003 90.358500000000006 0.20700000000000002 6.6540000000000008 0.78900000000000015 607.60000000000014 2.5000000000000004 1.0000000180025095e-35 1.5000000000000002 0.030500000000000003 546.75000000000011 0.99215000000000009
decision_type=2 2 2 2 2 2 2 2 2 2 2 2 2 2 2
left_child=1 3 5 8 -4 10 -3 -5 -1 -6 14 -7 -11 -13 -2
right_child=2 6 4 7 9 11 -8 -9 -10 12 -12 13 -14 -15 -16
leaf_value=0.35298857311211007 -1.1421079087965555 2.0248283298870984 0.011995008144496888 1.0170770455983058 -0.51969275064026288 -0.80270870694462548 1.6511076861088818 1.3094346243487902 0.58840787717611487 -0.39736134710390703 -0.88479624489285291 -0.71757237462714152 -0.28683744161435876 -0.61095803355612954 -0.98068876738595501
leaf_weight=10.000000000000002 10.000000000000002 13.000000000000002 11.999999999999998 12.000000000000002 14.999999999999998 15.999999999999998 9.9999999999999982 11.999999999999998 9.9999999999999982 12.000000000000002 14.999999999999998 10.000000000000002 9.9999999999999982 17 9.9999999999999982
leaf_count=10 10 13 12 12 15 16 10 12 10 12 15 10 10 17 10
internal_value=9.70605e-05 1.20544 -0.636204 0.854283 -0.313897 -0.837953 1.87041 1.16829 0.473289 -0.419474 -0.991757 -0.710637 -0.348875 -0.653131 -1.06693
internal_weight=194 67 127 44 49 78 23 24 20 37 35 43 22 27 20
internal_count=194 67 127 44 49 78 23 24 20 37 35 43 22 27 20
is_linear=0
shrinkage=0.05


Tree=5
num_leaves=14
num_cat=0
split_feature=8 6 3 8 8 3 3 0 3 12 12 19 28
split_gain=53861.4 6178.64 2507.22 2153.4 453.721 402.026 201.922 181.678 160.215 26.5546 12.1342 11.8082 6.35173
threshold=78.563500000000019 1.8060000000000003 20.745000000000005 20.000000000000004 92.225000000000009 11.990000000000002 29.245000000000001 0.78900000000000015 43.295000000000009 625.4000000000002 546.75000000000011 34.309000000000005 0.030500000000000003
decision_type=2 2 2 2 2 2 2 2 2 2 2 2 2
left_child=1 8 5 -3 -4 11 12 -5 -1 -8 -7 -2 -6
right_child=2 3 4 7 6 10 9 -9 -10 -11 -12 -13 -14
leaf_value=0.30220171400338164 -0.89171301953427395 1.8511120022279428 -0.11241644618432384 0.98861649345805602 -0.60946812243074966 -0.76780379230439344 -0.40953294393178574 1.2804048437156426 0.5726965371552889 -0.29051765883264469 -0.66812200267412514 -1.0320221347703458 -0.51569604837257443
leaf_weight=12.000000000000002 11.000000000000002 19 11.999999999999998 13.000000000000002 11.000000000000002 19 11.000000000000002 14.999999999999998 10.999999999999998 11.999999999999998 17 18 12.999999999999998
leaf_count=12 11 19 12 13 11 19 11 15 11 12 17 18 13
internal_value=0.000104143 1.10806 -0.625702 1.43633 -0.388528 -0.839978 -0.458531 1.14911 0.433704 -0.349181 -0.722851 -0.98222 -0.561233
internal_weight=194 70 124 47 59 65 47 28 23 23 36 29 24
internal_count=194 70 124 47 59 65 47 28 23 23 36 29 24
is_linear=0
shrinkage=0.05


Tree=6
num_leaves=14
num_cat=0
split_feature=8 42 3 8 8 8 3 3 16 12 4 12 28
split_gain=48645.4 5825.36 2263.58 1454.15 531.206 409.817 363.074 182.295 74.6443 23.9283 14.2027 10.8059 5.64824
threshold=78.563500000000019 0.2185 20.745000000000005 10.876500000000002 61.698000000000008 92.225000000000009 11.990000000000002 29.245000000000001 0.36015000000000003 625.4000000000002 1.0000000180025095e-35 546.75000000000011 0.030500000000000003
decision_type=2 2 2 2 2 2 2 2 2 2 2 2 2
left_child=1 4 6 -3 -1 -4 10 12 -5 -9 -2 -8 -7
right_child=2 3 5 8 -6 7 11 9 -10 -11 -12 -13 -14
leaf_value=0.78145722827395858 -0.98656147795113902 1.8146509751029634 -0.10684207768972254 1.079881939989455 0.337065376366041 -0.57926924765646981 -0.72961460333219996 -0.38924077781471039 1.3134919346989813 -0.27611182307408866 -0.8502604839230371 -0.63491126222220085 -0.49010808376865533
leaf_weight=11.000000000000002 17 15.999999999999998 11.999999999999998 14.000000000000002 18 11.000000000000002 19 11.000000000000002 10.999999999999998 11.999999999999998 12.000000000000002 17 12.999999999999998
leaf_count=11 17 16 12 14 18 11 19 11 11 12 12 17 13
internal_value=8.47041e-05 1.05302 -0.594646 1.4363 0.507906 -0.369283 -0.798248 -0.435814 1.18769 -0.331884 -0.933449 -0.686915 -0.533415
internal_weight=194 70 124 41 29 59 65 47 25 23 29 36 24
internal_count=194 70 124 41 29 59 65 47 25 23 29 36 24
is_linear=0
shrinkage=0.05


Tree=7
num_leaves=14
num_cat=0
split_feature=42 6 3 16 8 3 8 0 3 4 30 19 3
split_gain=43992.2 4282.88 2737.52 1452.48 670.968 482.394 130.723 102.201 81.0718 57.5432 25.5525 13.464 7.02538
threshold=0.1095 2.2309000000000005 22.150000000000002 0.29435000000000006 90.358500000000006 11.990000000000002 6.6540000000000008 0.78900000000000015 29.245000000000001 1.5000000000000002 0.17083333333333098 34.309000000000005 20.745000000000005
decision_type=2 2 2 2 2 2 2 2 2 2 2 2 2
left_child=2 3 5 -2 -4 11 -3 -5 -6 -7 -10 -1 -11
right_child=1 6 4 7 8 9 -8 -9 10 12 -12 -13 -14
leaf_value=-0.80171519958221149 0.3958166569994207 1.7424708155275299 0.042238010032802614 0.86927378236754849 -0.46576476242706066 -0.69551212728320067 1.4180087684404732 1.1100895219176781 -0.37197924203211707 -0.60211159165142558 -0.25972312301989425 -0.93428623979262881 -0.51135364910503778
leaf_weight=11.000000000000002 17 13.000000000000002 13.999999999999998 12.000000000000002 12.999999999999998 20 9.9999999999999982 12.999999999999998 10.000000000000002 17.000000000000004 14.999999999999998 18 10.999999999999998
leaf_count=11 17 13 14 12 13 20 10 13 10 17 15 18 11
internal_value=8.13369e-05 1.05986 -0.534286 0.756267 -0.253163 -0.723496 1.60837 0.998621 -0.361951 -0.622909 -0.306128 -0.8871 -0.568581
internal_weight=194 65 129 42 52 77 23 25 38 48 25 29 28
internal_count=194 65 129 42 52 77 23 25 38 48 25 29 28
is_linear=0
shrinkage=0.05


Tree=8
num_leaves=16
num_cat=0
split_feature=8 6 3 6 8 3 0 3 8 40 12 4 10 28 4
split_gain=39741.7 4565.01 1837.23 1611.03 329.318 296.193 171.399 148.819 117.534 51.4339 21.4173 15.3992 11.0821 6.46803 2.14719
threshold=78.563500000000019 2.2309000000000005 20.745000000000005 1.7177500000000003 92.225000000000009 11.990000000000002 0.76750000000000018 29.245000000000001 6.6540000000000008 2.5000000000000004 625.4000000000002 1.0000000180025095e-35 42.090000000000011 0.030500000000000003 1.5000000000000002
decision_type=2 2 2 2 2 2 2 2 2 2 2 2 2 2 2
left_child=1 3 5 9 -4 11 -5 13 -3 -1 -9 -2 -7 -6 -14
right_child=2 8 4 6 7 12 -8 10 -10 -11 -12 -13 14 -15 -16
leaf_value=0.23816881775856011 -0.89340655957049087 1.6560123618322469 -0.099043839825086355 0.74807341635764169 -0.5264614998757301 -0.68561750016770928 1.029856659314647 -0.35405096234502009 1.3478103316656433 0.40600207489315832 -0.24768601921964284 -0.76450963611445133 -0.63052304086606359 -0.44075835533724494 -0.54523654712065484
leaf_weight=10.000000000000002 17 13.000000000000002 11.999999999999998 11.000000000000002 11.000000000000002 10.999999999999998 15.999999999999998 11.000000000000002 9.9999999999999982 9.9999999999999982 11.999999999999998 12.000000000000002 12 12.999999999999998 13
leaf_count=10 17 13 12 11 11 11 16 11 10 10 12 12 12 13 13
internal_value=9.75002e-05 0.951813 -0.537455 0.666782 -0.3344 -0.720892 0.918425 -0.394047 1.52864 0.323937 -0.300085 -0.843052 -0.620285 -0.482268 -0.588722
internal_weight=194 70 124 47 59 65 27 47 23 20 23 29 36 24 25
internal_count=194 70 124 47 59 65 27 47 23 20 23 29 36 24 25
is_linear=0
shrinkage=0.05


Tree=9
num_leaves=14
num_cat=0
split_feature=42 16 3 16 6 3 6 4 0 4 29 6 12
split_gain=35936 3493.68 2230.39 1086.82 523.891 391.978 224.984 85.6768 77.6601 47.7132 47.2204 17.6991 8.97193
threshold=0.1095 0.36420000000000002 22.150000000000002 0.29435000000000006 1.1720500000000003 11.990000000000002 2.5017500000000004 2.5000000000000004 0.78900000000000015 1.5000000000000002 0.030500000000000003 1.0129000000000004 546.75000000000011
decision_type=2 2 2 2 2 2 2 2 2 2 2 2 2
left_child=2 3 5 -2 7 11 -3 -4 -5 -7 -9 -1 -11
right_child=1 6 4 8 -6 9 -8 10 -10 12 -12 -13 -14
leaf_value=-0.84415132312874486 0.3583951418859917 1.2178160968127547 -0.41190588205855416 0.77002976993182737 0.059923799853186965 -0.62905292700772264 1.5717323736096105 -0.32369287469004854 0.99062490226808664 -0.56996096431618859 -0.18150654223339618 -0.71152739194360126 -0.47884633369867313
leaf_weight=19.000000000000004 17 11.000000000000002 14.999999999999998 11.000000000000002 11.999999999999998 20 13.999999999999998 13.000000000000002 11.999999999999998 10.000000000000002 11.999999999999998 9.9999999999999982 18
leaf_count=19 17 11 15 11 12 20 14 13 12 10 12 10 18
internal_value=9.2334e-05 0.957936 -0.482872 0.665148 -0.229104 -0.653663 1.42168 -0.31587 0.88913 -0.562946 -0.256638 -0.801193 -0.513478
internal_weight=194 65 129 40 52 77 25 40 23 48 25 29 28
internal_count=194 65 129 40 52 77 25 40 23 48 25 29 28
is_linear=0
shrinkage=0.05


Tree=10
num_leaves=14
num_cat=0
split_feature=8 42 3 6 8 3 3 4 3 29 27 4 12
split_gain=32465.4 3910.36 1497.33 986.141 352.132 276.627 240.07 108.197 54.994 38.8532 24.1212 16.3397 11.8683
threshold=78.563500000000019 0.2185 20.745000000000005 2.4376000000000002 61.698000000000008 33.980000000000011 11.990000000000002 2.5000000000000004 49.290000000000006 0.18800000000000003 0.13550000000000004 1.0000000180025095e-35 546.75000000000011
decision_type=2 2 2 2 2 2 2 2 2 2 2 2 2
left_child=1 4 6 8 -1 7 11 10 -3 -9 -4 -2 -8
right_child=2 3 5 -5 -6 -7 12 9 -10 -11 -12 -13 -14
leaf_value=0.63642762974575817 -0.80936344436734731 0.85567828801052626 -0.47230052600633227 1.470421368336817 0.27445628257746196 -0.07486533001736477 -0.59960582218869196 -0.3313042030989668 1.0542906548366076 -0.19415681887381148 -0.35537024488543523 -0.68693345992033139 -0.51368057630215469
leaf_weight=11.000000000000002 17 12.000000000000002 15.000000000000002 17 18 10.999999999999998 19 13.000000000000002 11.999999999999998 9.9999999999999982 9.9999999999999982 12.000000000000002 17
leaf_count=11 17 12 15 17 18 11 19 13 12 10 10 12 17
internal_value=0.000104918 0.860297 -0.485749 1.17433 0.413643 -0.30242 -0.651358 -0.354201 0.959155 -0.27299 -0.42733 -0.761409 -0.560704
internal_weight=194 70 124 41 29 59 65 48 24 23 25 29 36
internal_count=194 70 124 41 29 59 65 48 24 23 25 29 36
is_linear=0
shrinkage=0.05


Tree=11
num_leaves=14
num_cat=0
split_feature=42 16 11 16 16 3 4 3 16 30 35 4 12
split_gain=29353.7 2871.86 1831.8 1001.23 408.825 326.24 99.5395 65.9094 58.956 44.9641 41.2893 39.3279 10.5077
threshold=0.1095 0.37520000000000003 522.50000000000011 0.29435000000000006 0.021900000000000003 12.885000000000002 2.5000000000000004 31.815000000000001 0.43345000000000006 3.444333333333331 38.088333333333345 1.5000000000000002 546.75000000000011
decision_type=2 2 2 2 2 2 2 2 2 2 2 2 2
left_child=2 3 5 -2 6 10 -4 -8 -3 -5 -1 -7 -13
right_child=1 8 4 9 -6 11 7 -9 -10 -11 -12 12 -14
leaf_value=-0.60628048925116529 0.32376242353205098 1.2117271281470934 -0.37069547887174242 0.74453552006096224 0.082927019112180964 -0.55943025973305771 -0.27458385805420521 -0.10641042435228235 1.4590961645145226 0.91579537090954488 -0.75870362104873301 -0.50278538154052177 -0.41329219767589448
leaf_weight=9.9999999999999982 17 12.000000000000002 15.999999999999998 15.000000000000002 9.9999999999999982 20 15.000000000000002 9.9999999999999982 9.9999999999999982 10.999999999999998 22 11.000000000000002 14.999999999999998
leaf_count=10 17 12 16 15 10 20 15 10 10 11 22 11 15
internal_value=9.97679e-05 0.86579 -0.436395 0.625386 -0.202673 -0.588693 -0.272486 -0.208206 1.33049 0.820414 -0.713264 -0.500568 -0.453128
internal_weight=194 65 129 43 51 78 41 25 22 26 32 46 26
internal_count=194 65 129 43 51 78 41 25 22 26 32 46 26
is_linear=0
shrinkage=0.05


Tree=12
num_leaves=14
num_cat=0
split_feature=8 16 3 16 8 3 10 0 3 5 30 6 12
split_gain=26519.6 2793.25 1474.94 840.684 309.912 286.508 183.753 95.4555 54.8308 29.6419 19.8076 19.1675 2.86653
threshold=71.687500000000014 0.36420000000000002 22.150000000000002 0.29435000000000006 90.358500000000006 11.990000000000002 76.405000000000015 0.78900000000000015 29.245000000000001 1.0000000180025095e-35 0.17083333333333098 1.0129000000000004 546.75000000000011
decision_type=2 2 2 2 2 2 2 2 2 2 2 2 2
left_child=1 3 5 -1 -4 11 -3 -5 -6 -7 -10 -2 -11
right_child=2 6 4 7 8 9 -8 -9 10 12 -12 -13 -14
leaf_value=0.29169549886034341 -0.7283319088801038 1.0257744099834176 0.0089386799857636128 0.6315357011211804 -0.36720296317384449 -0.53981205281162759 1.3459654309102242 0.8547951580079135 -0.29339006348411628 -0.4890105696007756 -0.19598042933356685 -0.6041188211724311 -0.42007407942367475
leaf_weight=18 19.000000000000004 10.000000000000002 11.999999999999998 12.000000000000002 12.999999999999998 19 14.999999999999998 11.999999999999998 10.000000000000002 10.000000000000002 14.999999999999998 9.9999999999999982 19
leaf_count=18 19 10 12 12 13 19 15 12 10 10 15 10 19
internal_value=0.000120428 0.804302 -0.424393 0.552834 -0.212171 -0.561681 1.22269 0.746457 -0.281966 -0.484051 -0.236157 -0.687895 -0.445616
internal_weight=194 67 127 42 50 77 25 24 38 48 25 29 29
internal_count=194 67 127 42 50 77 25 24 38 48 25 29 29
is_linear=0
shrinkage=0.05


Tree=13
num_leaves=14
num_cat=0
split_feature=42 8 11 16 8 3 0 3 16 19 3 15 3
split_gain=23986.7 2345.43 1492.24 810.221 357.78 267.336 70.6051 56.619 56.021 37.5873 20.7976 12.0898 8.98384
threshold=0.1095 27.3505 522.50000000000011 0.29435000000000006 90.358500000000006 12.885000000000002 0.78900000000000015 29.245000000000001 0.43345000000000006 34.309000000000005 17.380000000000006 2.5000000000000004 31.815000000000001
decision_type=2 2 2 2 2 2 2 2 2 2 2 2 2
left_child=2 8 5 -3 -4 9 -5 -6 -2 -1 -7 -12 -9
right_child=1 3 4 6 7 10 -8 12 -10 -11 11 -13 -14
leaf_value=-0.56241179386168039 1.0915149121245074 0.29399625805086776 0.031357181652247622 0.6348397570208083 -0.34552652666754757 -0.49552498473940298 0.82624659098631958 -0.24693973754063117 1.3234019534422619 -0.69751316440043021 -0.37171556898888114 -0.46267355841559338 -0.17597353576539876
leaf_weight=12.999999999999998 12.000000000000002 17 13.999999999999998 12.000000000000002 13.999999999999998 21 13.999999999999998 12.000000000000002 9.9999999999999982 19 14.000000000000002 10.999999999999998 10.999999999999998
leaf_count=13 12 17 14 12 14 21 14 12 10 19 14 11 11
internal_value=0.000123958 0.782683 -0.394451 0.565405 -0.183485 -0.531915 0.740867 -0.264776 1.20266 -0.644707 -0.452114 -0.41362 -0.214125
internal_weight=194 65 129 43 51 78 26 37 22 32 46 25 23
internal_count=194 65 129 43 51 78 26 37 22 32 46 25 23
is_linear=0
shrinkage=0.05


Tree=14
num_leaves=15
num_cat=0
split_feature=16 42 3 8 8 3 3 3 10 29 10 10 1 5
split_gain=21687.5 2619.49 994.144 682.446 234.771 197.909 160.271 69.8261 27.5913 27.3569 20.536 17.0835 15.5989 1.2658
threshold=0.054150000000000011 0.2185 20.745000000000005 10.876500000000002 61.698000000000008 33.980000000000011 11.195000000000002 27.780000000000005 73.640000000000001 0.21650000000000003 42.090000000000011 39.340000000000011 0.59200000000000008 1.0000000180025095e-35
decision_type=2 2 2 2 2 2 2 2 2 2 2 2 2 2
left_child=2 4 6 -3 -2 7 11 12 -5 -9 -8 -1 -4 -12
right_child=1 3 5 8 -6 -7 10 9 -10 -11 13 -13 -14 -15
leaf_value=-0.69615554981403516 0.51955332154626233 1.2193152338821696 -0.30274095041257837 0.70297470780106264 0.22384597004406689 -0.055092043980016374 -0.52578862168406715 -0.274847496897969 0.85258249323418811 -0.16277846956607139 -0.46121224883858486 -0.57844113798330954 -0.40030785592134344 -0.39819152810191377
leaf_weight=11.000000000000002 11.000000000000002 15.999999999999998 11.000000000000002 11.000000000000002 18 10.999999999999998 12.999999999999998 15.000000000000002 13.999999999999998 9.9999999999999982 13 14.999999999999998 11.999999999999998 13
leaf_count=11 11 16 11 11 18 11 13 15 14 10 13 15 12 13
internal_value=0.000135612 0.703196 -0.39696 0.960229 0.337583 -0.247545 -0.531917 -0.291339 0.790017 -0.231046 -0.464348 -0.630911 -0.355374 -0.43154
internal_weight=194 70 124 41 29 59 65 48 25 25 39 26 23 26
internal_count=194 70 124 41 29 59 65 48 25 25 39 26 23 26
is_linear=0
shrinkage=0.05


Tree=15
num_leaves=15
num_cat=0
split_feature=8 42 11 8 4 8 3 4 4 3 6 3 13 0
split_gain=19595.7 2363.55 898.252 615.887 218.69 211.424 125.062 59.4201 52.1301 30.7845 13.2754 10.9659 9.42395 3.85482
threshold=78.563500000000019 0.2185 522.50000000000011 10.876500000000002 1.0000000180025095e-35 61.698000000000008 33.980000000000011 1.5000000000000002 2.5000000000000004 49.290000000000006 0.99215000000000009 11.195000000000002 10.500000000000002 0.50850000000000006
decision_type=2 2 2 2 2 2 2 2 2 2 2 2 2 2
left_child=1 5 4 -3 10 -1 8 11 -4 -5 -2 -6 -9 -10
right_child=2 3 6 9 7 -7 -8 12 13 -11 -12 -13 -14 -15
leaf_value=0.49380968776909073 -0.68472848741134784 1.1587281683216923 -0.31907690013481299 0.67587305170889111 -0.53981774112965786 0.21313443103218607 -0.053045367845543881 -0.34263775467213997 -0.21840865907102522 0.82537616540577796 -0.56014550275141661 -0.44912567518243746 -0.42227220724124725 -0.16350641121239504
leaf_weight=11.000000000000002 10.000000000000002 15.999999999999998 14.999999999999998 13.000000000000002 10.000000000000002 18 10.999999999999998 18.000000000000004 10.000000000000002 11.999999999999998 9.9999999999999982 20 9.9999999999999982 9.9999999999999982
leaf_count=11 10 16 15 13 10 18 11 18 10 12 10 20 10 10
internal_value=0.00011242 0.66841 -0.377347 0.912567 -0.480723 0.3211 -0.201284 -0.429626 -0.247447 0.750836 -0.625782 -0.481215 -0.372658 -0.192156
internal_weight=194 70 124 41 78 29 46 58 35 25 20 30 28 20
internal_count=194 70 124 41 78 29 46 58 35 25 20 30 28 20
is_linear=0
shrinkage=0.05


Tree=16
num_leaves=15
num_cat=0
split_feature=42 16 11 16 8 3 10 0 3 6 3 13 3 28
split_gain=17720.7 1763.95 1096.55 518.273 270.78 196.48 129.157 50.5635 41.7181 33.1369 15.7455 22.3261 5.79606 0.120954
threshold=0.1095 0.36420000000000002 522.50000000000011 0.29435000000000006 90.358500000000006 12.885000000000002 76.405000000000015 0.78900000000000015 29.245000000000001 0.99890000000000012 17.380000000000006 11.500000000000002 31.815000000000001 0.77350000000000019
decision_type=2 2 2 2 2 2 2 2 2 2 2 2 2 2
left_child=2 3 5 -2 -4 9 -3 -5 -6 -1 13 -12 -10 -7
right_child=1 6 4 7 8 10 -8 -9 12 -11 11 -13 -14 -15
leaf_value=-0.605413574935323 0.25260517548399364 0.83781715619682062 0.028674193990172438 0.52691874375214443 -0.29832531847852345 -0.4582170184295955 1.1052773974589163 0.69866964797343112 -0.21225791637562519 -0.48292269233270746 -0.30961567487148256 -0.41860922917281052 -0.15384381375871264 -0.39280955598161033
leaf_weight=18 17 10.000000000000002 13.999999999999998 11.000000000000002 13.999999999999998 10.000000000000002 14.999999999999998 11.999999999999998 12.000000000000002 13.999999999999998 15.000000000000002 9.9999999999999982 10.999999999999998 10.999999999999998
leaf_count=18 17 10 14 11 14 10 15 12 12 14 15 10 11 11
internal_value=8.91281e-05 0.672717 -0.339052 0.464645 -0.158181 -0.456895 1.00226 0.619381 -0.228905 -0.553651 -0.388424 -0.354906 -0.185324 -0.426217
internal_weight=194 65 129 40 51 78 25 23 37 32 46 25 23 21
internal_count=194 65 129 40 51 78 25 23 37 32 46 25 23 21
is_linear=0
shrinkage=0.05


Tree=17
num_leaves=15
num_cat=0
split_feature=16 42 3 8 4 8 3 30 4 10 8 8 13 3
split_gain=16015 1931.11 729.845 508.997 180.796 172.304 108.487 49.3219 42.6106 27.0503 21.3323 10.5632 9.17252 8.22287
threshold=0.054150000000000011 0.2185 22.150000000000002 10.876500000000002 1.0000000180025095e-35 61.698000000000008 33.980000000000011 0.17083333333333098 1.5000000000000002 73.640000000000001 97.548000000000016 99.476500000000016 10.500000000000002 11.195000000000002
decision_type=2 2 2 2 2 2 2 2 2 2 2 2 2 2
left_child=2 5 4 -3 11 -2 7 -4 13 -5 -9 -1 -10 -6
right_child=1 3 6 9 8 -7 -8 10 12 -11 -12 -13 -14 -15
leaf_value=-0.50818790020328941 0.44623659279969358 1.0487228606798633 -0.3015265190854986 0.5972082632082002 -0.48554868698120113 0.19276686612084426 -0.046598613923331644 -0.12119618564253982 -0.30718952869036176 0.73629817015735821 -0.22407900952110604 -0.62086006863282461 -0.38122349297704783 -0.40425904234042342
leaf_weight=10 11.000000000000002 15.999999999999998 13.999999999999998 11.000000000000002 10.000000000000002 18 10.999999999999998 10.000000000000002 16.000000000000004 13.999999999999998 11.999999999999998 10 11.999999999999998 19
leaf_count=10 11 16 14 11 10 18 11 10 16 14 12 10 12 19
internal_value=8.25595e-05 0.604245 -0.341149 0.824945 -0.435958 0.290285 -0.185121 -0.227063 -0.388773 0.677921 -0.1783 -0.567581 -0.34034 -0.434034
internal_weight=194 70 124 41 77 29 47 36 57 25 22 20 28 29
internal_count=194 70 124 41 77 29 47 36 57 25 22 20 28 29
is_linear=0
shrinkage=0.05


Tree=18
num_leaves=13
num_cat=0
split_feature=42 16 0 6 3 8 10 0 4 19 28 4
split_gain=14476.4 1455.18 890.965 419.887 204.645 180.711 104.898 53.0445 37.8548 37.0734 26.001 19.4266
threshold=0.1095 0.36420000000000002 0.44550000000000006 1.7177500000000003 14.110000000000001 90.358500000000006 76.405000000000015 0.78900000000000015 1.5000000000000002 34.309000000000005 0.18800000000000003 2.5000000000000004
decision_type=2 2 2 2 2 2 2 2 2 2 2 2
left_child=2 3 4 -2 9 -4 -3 -5 -6 -1 -10 -7
right_child=1 6 5 7 8 11 -8 -9 10 -11 -12 -13
leaf_value=-0.42793201778246009 0.21811206340789796 0.75875231487916228 0.027022749785307457 0.46538979514571255 -0.39283275828935715 -0.24950352942589477 1.0003596943735287 0.63221043752244688 -0.35163704520421679 -0.5460558484362058 -0.2532106164410628 -0.15900174429279346
leaf_weight=15.999999999999998 15.999999999999998 10.000000000000002 13.999999999999998 12.000000000000002 19 10.000000000000002 14.999999999999998 11.999999999999998 13.999999999999998 19 18 19
leaf_count=16 16 10 14 12 19 10 15 12 14 19 18 19
internal_value=6.09286e-05 0.608009 -0.306465 0.419017 -0.399346 -0.12009 0.907324 0.551285 -0.333744 -0.493572 -0.297389 -0.191131
internal_weight=194 65 129 40 86 43 25 24 51 35 32 29
internal_count=194 65 129 40 86 43 25 24 51 35 32 29
is_linear=0
shrinkage=0.05


Tree=19
num_leaves=16
num_cat=0
split_feature=16 16 3 6 3 4 10 4 20 2 27 29 3 6 12
split_gain=13084.2 1556.31 596.788 474.093 125.316 113.962 94.4236 53.3503 45.8352 38.1467 21.4678 21.0793 19.5893 8.93019 3.2816
threshold=0.054150000000000011 0.36420000000000002 20.745000000000005 1.7177500000000003 33.980000000000011 1.0000000180025095e-35 76.405000000000015 2.5000000000000004 85.644166666666692 0.6645000000000002 0.13550000000000004 0.18800000000000003 11.195000000000002 0.99215000000000009 546.75000000000011
decision_type=2 2 2 2 2 2 2 2 2 2 2 2 2 2 2
left_child=2 3 5 9 7 13 -3 10 -5 -2 -4 -9 -7 -1 -14
right_child=1 6 4 8 -6 12 -8 11 -10 -11 -12 -13 14 -15 -16
leaf_value=-0.56367672268706959 0.11394689443087809 0.72119032699282792 -0.31864542092708559 0.57394396990340268 -0.039355337341223762 -0.43681823806007314 0.9506729277553938 -0.21316832313100795 0.41861692702416153 0.25511926099805549 -0.21566629893708936 -0.11294203528968415 -0.36906456789259096 -0.46043853193226431 -0.31734838234750851
leaf_weight=10.000000000000002 10.000000000000002 10.000000000000002 15.000000000000002 15.000000000000002 10.999999999999998 9.9999999999999982 14.999999999999998 13.000000000000002 9.9999999999999982 9.9999999999999982 9.9999999999999982 9.9999999999999982 18 9.9999999999999982 17
leaf_count=10 10 10 15 15 11 10 15 13 10 10 10 10 18 10 17
internal_value=7.38948e-05 0.546167 -0.308356 0.368895 -0.192552 -0.412936 0.862318 -0.227401 0.513928 0.1857 -0.278676 -0.170486 -0.366488 -0.514854 -0.345063
internal_weight=194 70 124 45 59 65 25 48 25 20 25 23 45 20 35
internal_count=194 70 124 45 59 65 25 48 25 20 25 23 45 20 35
is_linear=0
shrinkage=0.05


Tree=20
num_leaves=16
num_cat=0
split_feature=8 42 4 6 4 11 3 4 3 28 10 6 3 28 26
split_gain=11833.1 1428.74 538.985 390.617 171.972 127.625 69.0972 57.2201 35.2085 22.5867 11.7149 7.971 4.83015 3.64585 1.65766
threshold=78.563500000000019 0.2185 1.5000000000000002 2.4376000000000002 2.5000000000000004 611.20000000000016 31.815000000000001 1.0000000180025095e-35 49.290000000000006 0.21650000000000003 61.135000000000012 0.99215000000000009 11.195000000000002 1.0000000000000002 1.4388785714285717
decision_type=2 2 2 2 2 2 2 2 2 2 2 2 2 2 2
left_child=1 5 7 8 9 -1 10 11 -3 14 -6 -2 -9 -14 -4
right_child=2 3 4 -5 6 -7 -8 12 -10 -11 -12 -13 13 -15 -16
leaf_value=0.15271609270054357 -0.53577193364058384 0.49907129618747165 -0.28019561814789717 0.89544601440429672 -0.13701050954289951 0.36573017699117882 -0.030615814078513905 -0.4151935737912017 0.6436957895263169 -0.23133022067434503 -0.21938919383700531 -0.43764453784073942 -0.38181273488715139 -0.31188775832110116 -0.33567533768898206
leaf_weight=16.000000000000004 10.000000000000002 12.000000000000002 10.000000000000002 17 10.000000000000002 12.999999999999998 12.999999999999998 10.000000000000002 11.999999999999998 19 9.9999999999999982 9.9999999999999982 10.000000000000002 9.9999999999999982 11.999999999999998
leaf_count=16 10 12 10 17 10 13 13 10 12 19 10 10 10 10 12
internal_value=6.34098e-05 0.519392 -0.293248 0.709236 -0.20696 0.249306 -0.121169 -0.420186 0.573962 -0.275427 -0.179335 -0.489378 -0.37242 -0.348825 -0.312065
internal_weight=194 70 124 41 74 29 33 50 24 41 20 20 30 20 22
internal_count=194 70 124 41 74 29 33 50 24 41 20 20 30 20 22
is_linear=0
shrinkage=0.05


Tree=21
num_leaves=17
num_cat=0
split_feature=8 8 8 3 42 3 3 11 0 16 8 30 15 25 29 9
split_gain=10698 964.193 802.008 310.151 186.468 126.896 70.9949 60.9265 48.2066 41.1372 17.6562 8.78952 7.77361 15.8245 3.84403 0.662971
threshold=64.051500000000019 92.225000000000009 27.3505 17.380000000000006 0.19500000000000003 37.795000000000009 29.245000000000001 441.90000000000003 0.78900000000000015 0.43345000000000006 98.978500000000011 0.17083333333333098 2.5000000000000004 1.017933333333334 7.612000000000001 33.490000000000009
decision_type=2 2 2 2 2 2 2 2 2 2 2 2 2 2 2 2
left_child=2 5 9 7 -4 -2 12 14 -6 -1 15 -8 -5 -14 -3 -9
right_child=1 3 4 6 8 -7 11 10 -10 -11 -12 -13 13 -15 -16 -17
leaf_value=0.72131890856530045 -0.069576170655690911 -0.49265547783906788 0.24450042183334764 -0.2339773309151858 0.41386012164029201 0.15932447996513904 -0.19111326909301299 -0.33760303270698755 0.56828134624102655 0.89992598448649508 -0.40513208549801671 -0.12376714933464546 -0.2386795301248531 -0.33681687105883351 -0.41279131303919431 -0.28533695796588521
leaf_weight=12.000000000000002 12.000000000000002 12.000000000000002 10.999999999999998 14.999999999999998 12.000000000000002 11.999999999999998 10.000000000000002 10.000000000000005 12.999999999999998 9.9999999999999982 9.9999999999999982 12.999999999999998 10.000000000000002 10.999999999999998 9.9999999999999982 10.999999999999998
leaf_count=12 12 12 11 15 12 12 10 10 13 10 10 13 10 11 10 11
internal_value=3.16497e-05 -0.242412 0.568044 -0.303998 0.420392 0.0448529 -0.224264 -0.392075 0.496303 0.806435 -0.343372 -0.153965 -0.268487 -0.291674 -0.458612 -0.311945
internal_weight=194 136 58 112 36 24 59 53 25 22 31 23 36 21 22 21
internal_count=194 136 58 112 36 24 59 53 25 22 31 23 36 21 22 21
is_linear=0
shrinkage=0.05


Tree=22
num_leaves=14
num_cat=0
split_feature=42 16 4 6 3 6 10 0 4 4 28 29 34
split_gain=9672.1 1082.78 508.071 332.592 151.813 91.4312 74.959 38.5944 28.6033 26.4337 22.1635 13.0551 5.37367
threshold=0.093000000000000041 0.36420000000000002 2.5000000000000004 1.7177500000000003 14.110000000000001 1.1399000000000001 76.405000000000015 0.78900000000000015 1.5000000000000002 1.0000000180025095e-35 0.21650000000000003 0.18800000000000003 17.760000000000002
decision_type=2 2 2 2 2 2 2 2 2 2 2 2 2
left_child=2 3 4 -2 9 11 -3 -5 -6 -1 12 -4 -10
right_child=1 6 5 7 8 -7 -8 -9 10 -11 -12 -13 -14
leaf_value=-0.45097653088648681 0.16860866506062255 0.61700459470843316 -0.18623802461696942 0.3774554528480718 -0.32166798364429572 0.022058137606930091 0.82008710886468961 0.51897059747995422 -0.31146107050451893 -0.35185121486061499 -0.19568620690128261 -0.10837833674641342 -0.24261928029579694
leaf_weight=18 19 10.000000000000002 13.000000000000002 12.000000000000002 19 10.999999999999998 14.999999999999998 11.999999999999998 10.000000000000002 17 17 10.999999999999998 9.9999999999999982
leaf_count=18 19 10 13 12 19 11 15 12 10 17 17 11 10
internal_value=1.92425e-05 0.480209 -0.259267 0.326617 -0.321522 -0.0968055 0.741835 0.45028 -0.269185 -0.404112 -0.241306 -0.151358 -0.278667
internal_weight=194 68 126 43 91 35 25 24 56 35 37 24 20
internal_count=194 68 126 43 91 35 25 24 56 35 37 24 20
is_linear=0
shrinkage=0.05


Tree=23
num_leaves=14
num_cat=0
split_feature=6 6 6 4 0 0 3 4 7 28 4 6 3
split_gain=8738.9 878.166 582.756 285.054 149.882 99.5854 67.25 44.3965 29.719 11.7987 7.15274 6.80497 3.28759
threshold=1.5992500000000003 1.1399000000000001 2.4376000000000002 1.5000000000000002 0.78900000000000015 0.60100000000000009 27.780000000000005 1.0000000180025095e-35 7.229000000000001 0.18800000000000003 2.5000000000000004 0.99215000000000009 11.195000000000002
decision_type=2 2 2 2 2 2 2 2 2 2 2 2 2
left_child=1 3 4 7 8 -3 9 11 -2 -5 -8 -1 -9
right_child=2 5 -4 6 -6 -7 10 12 -10 -11 -12 -13 -14
leaf_value=-0.4637202055147378 0.26320603473766424 -0.059040622700854084 0.77146874366447937 -0.27890463014792283 0.53070525370146093 0.14654718043731776 -0.175262968256922 -0.35571349918252165 0.38931821874670086 -0.21483253015214532 -0.117461392780145 -0.37590340765395974 -0.29908314427333094
leaf_weight=10.000000000000002 11.000000000000002 10.000000000000002 17 17 17 13.999999999999998 10.000000000000002 10.000000000000002 10.999999999999998 20 17 9.9999999999999982 20
leaf_count=10 11 10 17 17 17 14 10 10 11 20 17 10 20
internal_value=2.35686e-05 -0.213726 0.526296 -0.271566 0.417598 0.0607886 -0.200954 -0.361267 0.327965 -0.245078 -0.139622 -0.422149 -0.319245
internal_weight=194 138 56 114 39 24 64 50 22 37 27 20 30
internal_count=194 138 56 114 39 24 64 50 22 37 27 20 30
is_linear=0
shrinkage=0.05


Tree=24
num_leaves=15
num_cat=0
split_feature=8 42 4 6 35 4 4 3 3 3 12 36 6 8
split_gain=7908.32 1070.67 309.747 264.882 105.836 79.1243 40.0925 26.7557 25.7442 23.6216 17.6515 7.16234 6.06843 3.61474
threshold=85.25800000000001 0.2185 1.5000000000000002 2.4376000000000002 26.546666666666681 2.5000000000000004 1.0000000180025095e-35 49.290000000000006 44.530000000000008 31.325000000000003 592.75000000000011 31.407142857142862 0.99215000000000009 97.359500000000011
decision_type=2 2 2 2 2 2 2 2 2 2 2 2 2 2
left_child=1 4 6 7 -1 10 12 -3 -6 -7 11 -4 -2 -8
right_child=2 3 5 -5 8 9 13 -9 -10 -11 -12 -13 -14 -15
leaf_value=0.074038253318179745 -0.44076375630822506 0.40403092754773851 -0.28801632588452625 0.733120888715599 0.20116045404188698 -0.1538248555107011 -0.26482242711699827 0.52827493178942975 0.32210585339234615 -0.06166157992171848 -0.17003151636478331 -0.22470221943880253 -0.35729432885009471 -0.32102642106772655
leaf_weight=11.999999999999998 10.000000000000002 12.000000000000002 10.000000000000002 17 10.000000000000002 18.000000000000004 10.000000000000002 11.999999999999998 9.9999999999999982 11.999999999999998 11.999999999999998 19 9.9999999999999982 20
leaf_count=12 10 12 10 17 10 18 10 12 10 12 12 19 10 20
internal_value=9.80317e-06 0.410713 -0.247863 0.579739 0.192861 -0.180148 -0.343368 0.468295 0.263184 -0.117453 -0.225503 -0.247621 -0.401263 -0.3034
internal_weight=194 73 121 41 32 71 50 24 20 30 41 29 20 30
internal_count=194 73 121 41 32 71 50 24 20 30 41 29 20 30
is_linear=0
shrinkage=0.05


Tree=25
num_leaves=15
num_cat=0
split_feature=8 0 8 8 42 4 36 8 0 4 28 18 35 8
split_gain=7147.44 639.724 541.715 217.337 126.431 102.694 34.7654 33.8944 31.2557 22.2567 12.0685 11.0879 6.83908 5.40694
threshold=64.051500000000019 0.44550000000000006 27.3505 85.25800000000001 0.19500000000000003 1.0000000180025095e-35 32.82500000000001 4.1065000000000014 0.78900000000000015 2.5000000000000004 8.0930000000000017 98.897000000000006 21.348333333333347 99.476500000000016
decision_type=2 2 2 2 2 2 2 2 2 2 2 2 2 2
left_child=2 5 7 -3 -4 13 11 -1 -6 -5 -8 -7 -11 -2
right_child=1 3 4 9 8 6 10 -9 -10 12 -12 -13 -14 -15
leaf_value=0.74230293425002891 -0.33960648527239812 0.10293315225681721 0.19797970969397743 -0.18339666117418996 0.33855514644591272 -0.17457045099593158 -0.31983514808074776 0.5858758240691887 0.46372431616746745 -0.1188201086635285 -0.25043043971758838 -0.23988831224497301 -0.062054271383745842 -0.41894377292972984
leaf_weight=10.000000000000002 10 14.999999999999998 10.999999999999998 10.999999999999998 12.000000000000002 14.999999999999998 17 11.999999999999998 12.999999999999998 14.000000000000002 17 17 9.9999999999999982 10
leaf_count=10 10 15 11 11 12 15 17 12 13 14 17 17 10 10
internal_value=3.66088e-06 -0.19816 0.46429 -0.0556592 0.342905 -0.28079 -0.249692 0.660242 0.405431 -0.123869 -0.286116 -0.210066 -0.0957308 -0.381411
internal_weight=194 136 58 50 36 86 66 22 25 35 34 32 24 20
internal_count=194 136 58 50 36 86 66 22 25 35 34 32 24 20
is_linear=0
shrinkage=0.05


Tree=26
num_leaves=16
num_cat=0
split_feature=0 6 11 42 3 42 7 0 30 4 4 23 6 10 12
split_gain=6461.98 715.044 341.523 208.958 78.4205 74.9351 72.1009 27.1379 20.9013 18.0233 17.304 16.7878 12.3871 6.06573 5.60934
threshold=0.63850000000000018 2.1724000000000006 522.50000000000011 0.19500000000000003 9.0400000000000009 0.33850000000000008 1.2615000000000001 0.78900000000000015 0.15199999999999794 1.5000000000000002 3.5000000000000004 1.0205000000000002 1.0077500000000004 39.340000000000011 546.75000000000011
decision_type=2 2 2 2 2 2 2 2 2 2 2 2 2 2 2
left_child=2 3 4 10 13 -3 8 -5 -4 12 -2 -10 -6 -1 -11
right_child=1 5 6 7 9 -7 -8 -9 11 14 -12 -13 -14 -15 -16
leaf_value=-0.40116051352850274 0.10036219417458712 0.47807442740638645 -0.20265472596234613 0.30661265637614932 -0.31878732216259659 0.67015728861648849 0.0054380592059444736 0.43383423444387081 -0.14618873075957881 -0.24667939259125299 0.19465510708086931 -0.06251479402036951 -0.24339147601996999 -0.32165207437949611 -0.19120059905693546
leaf_weight=10.000000000000002 10 10.000000000000002 9.9999999999999982 10.000000000000002 12.000000000000002 15.999999999999998 10.999999999999998 10.999999999999998 17.000000000000004 11.000000000000002 11 9.9999999999999982 18 9.9999999999999982 17
leaf_count=10 10 10 10 10 12 16 11 11 17 11 11 10 18 10 17
internal_value=6.66564e-06 0.392508 -0.211923 0.263698 -0.276515 0.598586 -0.106501 0.37523 -0.139839 -0.245876 0.150679 -0.115728 -0.274675 -0.363453 -0.213974
internal_weight=194 68 126 42 78 26 48 21 37 58 21 27 30 20 28
internal_count=194 68 126 42 78 26 48 21 37 58 21 27 30 20 28
is_linear=0
shrinkage=0.05


Tree=27
num_leaves=14
num_cat=0
split_feature=8 16 4 6 8 3 11 35 19 4 28 13 3
split_gain=5850.25 794.792 230.222 143.515 133.249 58.4473 30.2968 28.7126 15.4192 14.3367 12.9064 7.27181 5.07679
threshold=85.25800000000001 0.34425000000000006 1.5000000000000002 1.7177500000000003 10.876500000000002 27.780000000000005 467.2000000000001 26.546666666666681 97.396500000000017 1.0000000180025095e-35 0.18800000000000003 9.5000000000000018 21.535000000000004
decision_type=2 2 2 2 2 2 2 2 2 2 2 2 2
left_child=1 3 6 7 -3 10 9 -1 -7 -2 -4 -10 -12
right_child=2 4 5 -5 -6 8 -8 -9 11 -11 12 -13 -14
leaf_value=0.062137054362572899 -0.35625598418150894 0.63787990593762134 -0.23173122175952843 0.31312026488855021 0.43051521132664128 -0.055375172452883682 -0.23412062855240723 0.17543320918942359 -0.15964379299868331 -0.27963951691886452 -0.19433263196601519 -0.097926055559854924 -0.1373333740352404
leaf_weight=12.000000000000002 19 15.999999999999998 17 15.999999999999998 18 10.999999999999998 15.999999999999998 10.999999999999998 11.000000000000002 14.999999999999998 11.000000000000002 10.999999999999998 9.9999999999999982
leaf_count=12 19 16 17 16 18 11 16 11 11 15 11 11 10
internal_value=3.88467e-06 0.35325 -0.213186 0.19822 0.52983 -0.154788 -0.295537 0.117064 -0.105247 -0.32352 -0.19729 -0.129594 -0.168207
internal_weight=194 73 121 39 34 71 50 23 33 34 38 22 21
internal_count=194 73 121 39 34 71 50 23 33 34 38 22 21
is_linear=0
shrinkage=0.05


Tree=28
num_leaves=17
num_cat=0
split_feature=8 3 8 8 42 3 16 3 35 30 36 28 8 3 18 10
split_gain=5285.42 481.274 400.907 155.949 89.6678 85.3461 28.4774 22.0884 16.3974 13.9772 13.905 9.26298 8.92651 7.86643 7.69867 4.57741
threshold=64.051500000000019 27.780000000000005 27.3505 85.25800000000001 0.19500000000000003 14.110000000000001 0.43345000000000006 46.32500000000001 38.088333333333345 0.17083333333333098 33.041428571428575 9.1105000000000018 99.370500000000007 31.815000000000001 99.415500000000023 39.340000000000011
decision_type=2 2 2 2 2 2 2 2 2 2 2 2 2 2 2 2
left_child=2 5 6 -3 -4 8 -1 -6 -2 -5 12 -12 14 -11 -7 -10
right_child=1 3 4 9 7 10 -8 -9 15 13 11 -13 -14 -15 -16 -17
leaf_value=0.50107272557975824 -0.24886482872125759 0.098459007131292464 0.17247863030648447 -0.1436422606145055 0.2862263516262844 -0.12453598440432348 0.64175182946837783 0.39292709506149837 -0.36130653802339019 -0.10670893544165211 -0.26715087310687907 -0.19079884928051791 -0.2156043950501863 -0.043760211322758653 -0.18942554587184793 -0.29352035565419249
leaf_weight=12.000000000000002 12.999999999999998 13.999999999999998 10.999999999999998 11.999999999999998 11.000000000000002 12.000000000000002 9.9999999999999982 13.999999999999998 11.000000000000002 10.000000000000002 11.000000000000002 9.9999999999999982 10.999999999999998 10.999999999999998 9.9999999999999982 10.999999999999998
leaf_count=12 13 14 11 12 11 12 10 14 11 10 11 10 11 11 10 11
internal_value=0 -0.17041 0.399253 -0.0407282 0.294789 -0.238714 0.567859 0.347505 -0.300248 -0.100047 -0.198258 -0.232106 -0.17593 -0.0743364 -0.154981 -0.329121
internal_weight=194 136 58 47 36 89 22 25 35 33 54 21 33 21 22 22
internal_count=194 136 58 47 36 89 22 25 35 33 54 21 33 21 22 22
is_linear=0
shrinkage=0.05


Tree=29
num_leaves=13
num_cat=0
split_feature=6 4 16 6 3 0 12 19 16 29 28 5
split_gain=4782.24 487.261 330.274 159.377 84.3505 83.1183 27.1674 17.0746 16.5003 15.2567 9.93064 3.89278
threshold=1.5992500000000003 2.5000000000000004 0.39040000000000002 1.1975500000000003 14.110000000000001 0.78900000000000015 584.35000000000002 34.309000000000005 0.33265000000000006 0.030500000000000003 0.37500000000000006 1.0000000180025095e-35
decision_type=2 2 2 2 2 2 2 2 2 2 2 2
left_child=1 4 5 9 7 8 10 -1 -2 -3 -6 -12
right_child=2 3 -4 -5 6 -7 -8 -9 -10 -11 11 -13
leaf_value=-0.24190251545876451 0.18076536307240471 -0.12526329609731962 0.55938624436942697 0.10960534316617132 -0.24139427169721728 0.38761119635208791 -0.13439326400220081 -0.32027017171470284 0.2769679320825113 -0.052631662620712595 -0.20705466979791309 -0.15493925591506577
leaf_weight=15.999999999999998 10.000000000000002 15.000000000000002 19 14.999999999999998 17 15.999999999999998 19 19 10.999999999999998 14.999999999999998 12 10
leaf_count=16 10 15 19 15 17 16 19 19 11 15 12 10
internal_value=0 -0.158132 0.389303 -0.0228642 -0.223435 0.300556 -0.185542 -0.285379 0.232468 -0.0894091 -0.209926 -0.1844
internal_weight=194 138 56 45 93 37 58 35 21 30 39 22
internal_count=194 138 56 45 93 37 58 35 21 30 39 22
is_linear=0
shrinkage=0.05


Tree=30
num_leaves=13
num_cat=0
split_feature=0 16 4 8 8 6 4 38 19 13 6 18
split_gain=4325.07 497.505 218.077 98.0247 84.1362 80.405 23.4237 17.945 9.83533 9.52418 4.4732 3.36534
threshold=0.63850000000000018 0.34425000000000006 1.5000000000000002 10.876500000000002 92.225000000000009 1.7177500000000003 1.0000000180025095e-35 1.0000000180025095e-35 95.991000000000014 10.500000000000002 0.99215000000000009 32.69100000000001
decision_type=2 2 2 2 2 2 2 2 2 2 2 2
left_child=2 5 6 -3 -4 -2 10 -6 -9 -10 -1 -8
right_child=1 3 4 -5 7 -7 11 8 9 -11 -12 -13
leaf_value=-0.33091441664365251 0.11084705998102273 0.54912148765895674 -0.01309326129906891 0.37098908924924734 -0.19681532235010296 0.2664316593490032 -0.19524545866595808 -0.16321507714549946 -0.134771737132553 -0.075317083117513617 -0.2633638943776046 -0.2416935161991014
leaf_weight=10.000000000000002 18 15.999999999999998 14.999999999999998 18 13.999999999999998 15.999999999999998 12.000000000000002 15.999999999999998 19.000000000000004 11.999999999999998 9.9999999999999982 18
leaf_count=10 18 16 15 18 14 16 12 16 19 12 10 18
internal_value=0 0.321096 -0.173397 0.456327 -0.119659 0.184777 -0.254578 -0.145717 -0.130005 -0.112234 -0.298866 -0.223991
internal_weight=194 68 126 34 76 34 50 61 47 31 20 30
internal_count=194 68 126 34 76 34 50 61 47 31 20 30
is_linear=0
shrinkage=0.05


Tree=31
num_leaves=16
num_cat=0
split_feature=42 16 4 0 16 4 8 4 12 31 38 4 41 8 28
split_gain=3913.02 447.412 208.987 90.2137 73.3329 62.6557 42.2558 32.7504 24.8084 15.008 7.97033 6.95426 10.1051 3.98502 3.2532
threshold=0.093000000000000041 0.34425000000000006 2.5000000000000004 0.80350000000000021 0.29435000000000006 1.0000000180025095e-35 90.358500000000006 3.5000000000000004 584.35000000000002 3.0889285714285717 1.5000000000000002 1.5000000000000002 2.785714285714286 99.476500000000016 8.0930000000000017
decision_type=2 2 2 2 2 2 2 2 2 2 2 2 2 2 2
left_child=2 4 5 -3 7 13 -4 -2 11 -5 -8 14 -13 -1 -7
right_child=1 3 6 9 -6 8 10 -9 -10 -11 -12 12 -14 -15 -16
leaf_value=-0.25032608060553518 0.047920369504406896 0.31701362192138172 0.025609890702595513 0.54301380283576384 0.26401481442417662 -0.23888814180892035 -0.058841387601108235 0.17710691112102847 -0.12718019316855231 0.43279595611119037 -0.1188322958271235 -0.20364646374784556 -0.13310837757469404 -0.3145325155541448 -0.19347981916251758
leaf_weight=10 10 11.999999999999998 9.9999999999999982 12.000000000000002 13.999999999999998 15.000000000000002 10.000000000000002 10 17 9.9999999999999982 14.999999999999998 15.000000000000002 9.9999999999999982 10 13.999999999999998
leaf_count=10 10 12 10 12 14 15 10 10 17 10 15 15 10 10 14
internal_value=0 0.305403 -0.164945 0.433653 0.176111 -0.20488 -0.0606839 0.113322 -0.182131 0.495326 -0.0953652 -0.199071 -0.176273 -0.284083 -0.217879
internal_weight=194 68 126 34 34 91 35 20 71 22 25 54 25 20 29
internal_count=194 68 126 34 34 91 35 20 71 22 25 54 25 20 29
is_linear=0
shrinkage=0.05


Tree=32
num_leaves=15
num_cat=0
split_feature=0 8 11 6 4 7 4 34 4 36 28 13 7 6
split_gain=3539.57 397.998 184.467 126.173 44.6525 38.8469 36.0744 30.5967 14.1611 13.3371 14.4058 9.67294 3.96269 3.54676
threshold=0.63850000000000018 27.3505 522.50000000000011 1.7177500000000003 1.0000000180025095e-35 1.2615000000000001 4.5000000000000009 27.370000000000001 2.5000000000000004 32.82500000000001 8.0930000000000017 11.500000000000002 0.030500000000000003 0.99215000000000009
decision_type=2 2 2 2 2 2 2 2 2 2 2 2 2 2
left_child=2 6 4 -3 13 8 -2 -5 -4 11 -11 -6 -10 -1
right_child=1 3 5 7 9 -7 -8 -9 12 10 -12 -13 -14 -15
leaf_value=-0.29896159644174092 0.38383635624800577 0.10133329416054059 -0.13975783588353149 0.20236066987922594 -0.1278486113102115 0.0027080544815944125 0.52923622761876132 0.31578396746986792 -0.053120108982464199 -0.24449123017331387 -0.17056328588061861 -0.19431258381003202 -0.099199404486335158 -0.23793369720477872
leaf_weight=10.000000000000002 10 18 15.999999999999998 11.000000000000002 17.000000000000004 10.999999999999998 12 17 11.000000000000002 14.000000000000002 17 9.9999999999999982 9.9999999999999982 9.9999999999999982
leaf_count=10 10 18 16 11 17 11 12 17 11 14 17 10 10 10
internal_value=0 0.290466 -0.156875 0.205862 -0.204358 -0.079347 0.465407 0.272281 -0.103818 -0.1812 -0.20479 -0.153276 -0.0756657 -0.270032
internal_weight=194 68 126 46 78 48 22 28 37 58 31 27 21 20
internal_count=194 68 126 46 78 48 22 28 37 58 31 27 21 20
is_linear=0
shrinkage=0.05


Tree=33
num_leaves=16
num_cat=0
split_feature=8 8 12 3 3 4 4 8 4 19 28 29 14 4 18
split_gain=3206.33 434.608 127.438 109.198 69.2225 33.211 30.7829 29.0449 20.0916 13.791 12.935 11.6562 5.65925 4.33076 3.61583
threshold=85.25800000000001 37.189500000000002 542.60000000000002 48.890000000000008 46.32500000000001 2.5000000000000004 4.5000000000000009 98.399500000000003 3.5000000000000004 32.69100000000001 0.21650000000000003 0.21650000000000003 10464.000000000002 1.0000000180025095e-35 99.117000000000004
decision_type=2 2 2 2 2 2 2 2 2 2 2 2 2 2 2
left_child=1 3 7 -1 8 10 -5 9 -3 -2 12 -7 -4 -9 -12
right_child=2 4 5 6 -6 11 -8 13 -10 -11 14 -13 -14 -15 -16
leaf_value=0.27353683496942588 -0.12944420623307176 0.04189189512652295 -0.14088426202830698 0.37729903683804045 0.22916736366184615 -0.10207880046981117 0.51339890503686314 -0.28682649391741788 0.13716442053860955 -0.21397596016403073 -0.094016496960289186 -0.038017590287077518 -0.20059836834400624 -0.23135659424125732 -0.13975947841559308
leaf_weight=14.999999999999998 10.000000000000002 13 10.000000000000002 10 12.999999999999998 17.000000000000004 12 12.000000000000002 10 11.999999999999998 12.000000000000002 12.999999999999998 10.999999999999998 13.999999999999998 9.9999999999999982
leaf_count=15 10 13 10 10 13 17 12 12 10 12 12 13 11 14 10
internal_value=0 0.261484 -0.157858 0.381759 0.137015 -0.115832 0.453749 -0.221294 0.0839456 -0.176538 -0.14417 -0.0747036 -0.173203 -0.258151 -0.115573
internal_weight=194 73 121 37 36 73 22 48 23 22 43 30 21 26 22
internal_count=194 73 121 37 36 73 22 48 23 22 43 30 21 26 22
is_linear=0
shrinkage=0.05


Tree=34
num_leaves=15
num_cat=0
split_feature=6 3 8 4 3 7 10 4 9 28 6 41 3 34
split_gain=2897.31 305.03 210.08 95.7128 55.3317 27.3042 19.3683 18.7648 18.265 14.5158 13.618 9.85691 4.68689 3.10421
threshold=1.5992500000000003 33.980000000000011 20.000000000000004 1.5000000000000002 49.290000000000006 1.6635000000000002 74.395000000000024 2.5000000000000004 26.230000000000004 0.21650000000000003 1.0077500000000004 2.5000000000000004 21.535000000000004 17.760000000000002
decision_type=2 2 2 2 2 2 2 2 2 2 2 2 2 2
left_child=1 3 -2 8 6 -3 -4 9 -1 13 -10 -9 -11 -5
right_child=2 5 4 7 -6 -7 -8 11 10 12 -12 -13 -14 -15
leaf_value=-0.25713767800110071 0.43865219935072652 -0.018843213896645172 0.13930924075250403 -0.19054332770923571 0.3116389272906257 0.090364220579161894 0.23621263256167421 -0.048894834098981987 -0.22266473429543632 -0.12989845264076003 -0.15551538561027087 -0.11475877675924216 -0.07754398709771658 -0.14256467754776414
leaf_weight=14.999999999999998 19 10.000000000000002 13.000000000000002 10.000000000000002 13.999999999999998 12.999999999999998 9.9999999999999982 13.000000000000002 15.999999999999998 10.000000000000002 19 10.999999999999998 9.9999999999999982 10.999999999999998
leaf_count=15 19 10 13 10 14 13 10 13 16 10 19 11 10 11
internal_value=0 -0.123107 0.302996 -0.156338 0.232205 0.0427903 0.182498 -0.115844 -0.208543 -0.13667 -0.186902 -0.0796409 -0.104486 -0.166443
internal_weight=194 138 56 115 37 23 23 65 50 41 35 24 20 21
internal_count=194 138 56 115 37 23 23 65 50 41 35 24 20 21
is_linear=0
shrinkage=0.05


Tree=35
num_leaves=16
num_cat=0
split_feature=0 16 3 6 4 3 16 10 30 8 12 23 11 10 20
split_gain=2619.52 302.386 137.261 80.7632 39.8972 36.0762 30.046 23.8778 20.7165 9.45795 17.1024 6.16931 4.0544 3.93215 1.24116
threshold=0.63850000000000018 0.36420000000000002 22.150000000000002 1.7177500000000003 4.5000000000000009 9.0400000000000009 0.023600000000000006 75.200000000000003 0.15199999999999794 98.978500000000011 532.55000000000007 1.0205000000000002 501.90000000000003 39.340000000000011 54.583166666666664
decision_type=2 2 2 2 2 2 2 2 2 2 2 2 2 2 2
left_child=2 3 5 -2 -3 13 8 -5 -4 12 -11 -10 14 -1 -7
right_child=1 4 6 7 -6 9 -8 -9 11 10 -12 -13 -14 -15 -16
leaf_value=-0.26366590698166642 0.086705071845436618 0.32050127255097599 -0.14075069024817635 0.17993393337472952 0.45782482880206149 -0.12995193187553097 0.0076252462250171321 0.28385755564715415 -0.08349904998248775 -0.2282427480628898 -0.13903632234526045 -0.032816320161024731 -0.10755497658339974 -0.20447956878359955 -0.16519446422245876
leaf_weight=10.000000000000002 18 13 12.999999999999998 14.000000000000002 12 10.000000000000002 9.9999999999999982 10.999999999999998 15.000000000000002 11.000000000000002 12.999999999999998 10.999999999999998 10.999999999999998 9.9999999999999982 11.999999999999998
leaf_count=10 18 13 13 14 12 10 10 11 15 11 13 11 11 10 12
internal_value=0 0.24986 -0.134974 0.168614 0.388177 -0.176633 -0.0691836 0.226808 -0.0889752 -0.155518 -0.180907 -0.0624558 -0.136412 -0.235486 -0.150062
internal_weight=194 68 126 43 25 77 49 25 39 57 24 26 33 20 22
internal_count=194 68 126 43 25 77 49 25 39 57 24 26 33 20 22
is_linear=0
shrinkage=0.05


Tree=36
num_leaves=14
num_cat=0
split_feature=8 0 4 8 8 3 4 11 3 30 20 30 4
split_gain=2373.55 329.15 94.8624 62.4707 57.9224 24.5204 21.8386 15.0743 12.542 9.82669 8.31189 9.65297 6.87207
threshold=85.25800000000001 0.78900000000000015 1.5000000000000002 43.714000000000006 29.949000000000002 29.245000000000001 3.5000000000000004 467.2000000000001 56.665000000000006 0.17083333333333098 98.666333333333355 4.294999999999999 1.0000000180025095e-35
decision_type=2 2 2 2 2 2 2 2 2 2 2 2 2
left_child=1 3 7 -1 8 10 -5 12 -3 -7 11 -4 -2
right_child=2 4 5 6 -6 9 -8 -9 -10 -11 -12 -13 -14
leaf_value=0.20964872063474452 -0.23099900047192398 0.3422250070644699 -0.1652615428341101 0.037906396004143139 0.23892573472615838 -0.098502747751464503 0.13405832571558432 -0.14560919378114781 0.43579476611448992 -0.039093573000384962 -0.083824777495753663 -0.10489347511572196 -0.17811156866566236
leaf_weight=13.999999999999998 19 13.000000000000002 16.000000000000004 15 10.999999999999998 12.000000000000002 10 15.999999999999998 9.9999999999999982 18 10.999999999999998 13.999999999999998 14.999999999999998
leaf_count=14 19 13 16 15 11 12 10 16 10 18 11 14 15
internal_value=-6.91081e-06 0.224954 -0.135842 0.125126 0.338614 -0.0983072 0.0769472 -0.18874 0.384834 -0.0632717 -0.123605 -0.137698 -0.208404
internal_weight=194 73 121 39 34 71 25 50 23 30 41 30 34
internal_count=194 73 121 39 34 71 25 50 23 30 41 30 34
is_linear=0
shrinkage=0.05


Tree=37
num_leaves=15
num_cat=0
split_feature=8 0 12 6 8 6 3 2 3 28 4 30 10 27
split_gain=2144.26 297.315 85.8583 56.3827 52.2656 22.5512 21.4676 21.1607 11.275 10.4525 10.1615 8.86616 5.89287 0.196428
threshold=85.25800000000001 0.78900000000000015 546.75000000000011 1.9908000000000003 29.949000000000002 1.0246000000000002 29.245000000000001 0.65250000000000019 56.665000000000006 0.030500000000000003 1.0000000180025095e-35 0.17083333333333098 56.750000000000007 0.77350000000000019
decision_type=2 2 2 2 2 2 2 2 2 2 2 2 2 2
left_child=1 3 5 7 8 10 9 -1 -3 -4 -2 -8 -11 -12
right_child=2 4 6 -5 -6 -7 11 -9 -10 12 13 -13 -14 -15
leaf_value=0.01596940416510742 -0.23816032747850355 0.3252443772235899 -0.14754955900168557 0.19924062435508622 0.22708707306836107 -0.129262314797842 -0.093618312133245202 0.11057124003669283 0.41422076933454766 -0.062520370337337525 -0.15909978995228755 -0.037149693738689739 -0.11636383578977512 -0.19163420837704501
leaf_weight=10.000000000000002 13.999999999999998 13.000000000000002 17 13.999999999999998 10.999999999999998 17 12.000000000000002 14.999999999999998 9.9999999999999982 10.000000000000002 10.000000000000002 18 12.999999999999998 9.9999999999999982
leaf_count=10 14 13 17 14 11 17 12 15 10 10 10 18 13 10
internal_value=0 0.21382 -0.129108 0.118931 0.321847 -0.178588 -0.0927833 0.0731441 0.365772 -0.116931 -0.202653 -0.0601392 -0.0935421 -0.176488
internal_weight=194 73 121 39 34 51 70 25 23 40 34 30 23 20
internal_count=194 73 121 39 34 51 70 25 23 40 34 30 23 20
is_linear=0
shrinkage=0.05


Tree=38
num_leaves=15
num_cat=0
split_feature=0 0 4 6 6 4 8 0 27 6 21 6 18 41
split_gain=1940.11 250.65 86.8142 47.7718 46.9047 25.7273 16.9266 12.7839 12.0398 10.8431 9.54983 8.94421 4.11357 3.44336
threshold=0.62200000000000011 0.78900000000000015 1.5000000000000002 2.3113000000000006 1.9908000000000003 2.5000000000000004 93.536500000000004 0.091500000000000012 0.41650000000000004 1.5619500000000002 73.62407142857144 0.99890000000000012 36.174500000000002 2.5000000000000004
decision_type=2 2 2 2 2 2 2 2 2 2 2 2 2 2
left_child=2 4 7 -3 9 8 -7 -1 10 -2 -4 -9 -13 -8
right_child=1 3 5 -5 -6 6 13 11 -10 -11 -12 12 -14 -15
leaf_value=-0.22434890577108557 0.041156056676884635 0.24278947177686191 -0.15137317206978135 0.36695208228819554 0.18934924597224445 0.0036986711886849728 -0.052623028772892322 -0.18480422193832821 -0.068038435486138207 0.11166041452105682 -0.090617439769639457 -0.11005568785115703 -0.1593544050608531 -0.096951561304971137
leaf_weight=9.9999999999999982 13.000000000000002 17 18.000000000000004 17 13.999999999999998 10.000000000000002 10.000000000000002 18 12.999999999999998 9.9999999999999982 11.999999999999998 12.000000000000002 9.9999999999999982 9.9999999999999982
leaf_count=10 13 17 18 17 14 10 10 18 13 10 12 12 10 10
internal_value=0 0.207923 -0.12013 0.305911 0.117163 -0.0850339 -0.0489484 -0.170999 -0.109922 0.0723773 -0.127619 -0.15701 -0.13331 -0.0754081
internal_weight=194 71 123 34 37 73 30 50 43 23 30 40 22 20
internal_count=194 71 123 34 37 73 30 50 43 23 30 40 22 20
is_linear=0
shrinkage=0.05


Tree=39
num_leaves=15
num_cat=0
split_feature=8 16 12 3 35 8 3 42 3 34 28 19 13 27
split_gain=1754.65 244.872 71.3144 61.2302 43.0354 19.1343 18.8925 18.1373 16.3679 16.1456 7.826 7.55768 6.28883 2.32168
threshold=85.25800000000001 0.34425000000000006 542.60000000000002 49.290000000000006 26.546666666666681 98.399500000000003 29.245000000000001 0.35400000000000009 46.32500000000001 44.45000000000001 0.030500000000000003 97.396500000000017 8.5000000000000018 0.80500000000000005
decision_type=2 2 2 2 2 2 2 2 2 2 2 2 2 2
left_child=1 4 5 -3 -1 9 10 -5 -6 -2 -4 -8 -12 -7
right_child=2 3 6 7 8 13 11 -9 -10 -11 12 -13 -14 -15
leaf_value=0.027674364501779732 -0.17142929214614999 0.20766578138762992 -0.13409445419994712 0.29165777074228411 0.10261734588771845 -0.16673515881642254 -0.02037524905827668 0.40147106435039259 0.18343306734361722 -0.083130954729544154 -0.057631961101884226 -0.073385447716213636 -0.1097463640550904 -0.20976232268055034
leaf_weight=11.999999999999998 11.000000000000002 13.999999999999998 17 10.000000000000002 14.000000000000002 10.000000000000002 11.000000000000002 9.9999999999999982 12.999999999999998 10.999999999999998 11.000000000000002 19 14.999999999999998 15.999999999999998
leaf_count=12 11 14 17 10 14 10 11 10 13 11 11 19 15 16
internal_value=-5.76129e-06 0.193412 -0.116801 0.291457 0.107282 -0.164279 -0.0853314 0.348537 0.142246 -0.128082 -0.106726 -0.0542468 -0.0881948 -0.194107
internal_weight=194 73 121 34 39 48 73 20 27 22 43 30 26 26
internal_count=194 73 121 34 39 48 73 20 27 22 43 30 26 26
is_linear=0
shrinkage=0.05


Tree=40
num_leaves=14
num_cat=0
split_feature=6 3 6 4 3 10 34 9 4 27 6 28 10
split_gain=1587.42 171.486 121.562 52.671 40.7346 16.3304 12.7095 11.2451 10.7174 11.394 8.62757 6.79341 4.84401
threshold=1.5992500000000003 33.980000000000011 2.4376000000000002 1.5000000000000002 49.290000000000006 73.640000000000001 29.990000000000006 26.230000000000004 2.5000000000000004 0.41650000000000004 1.0077500000000004 0.52650000000000008 61.135000000000012
decision_type=2 2 2 2 2 2 2 2 2 2 2 2 2
left_child=1 3 4 7 6 -3 -2 -1 9 11 -9 -5 -10
right_child=2 5 -4 8 -6 -7 -8 10 12 -11 -12 -13 -14
leaf_value=-0.19293558960718826 0.09983773633097924 -0.0034583767804935682 0.33628776937897442 -0.13863109824407163 0.2398760516911943 0.080920282094785481 0.17679121718548313 -0.16623833801435386 -0.034862810397936282 -0.05916179664864029 -0.11291791738952017 -0.085289002310585338 -0.0812759189042917
leaf_weight=14.999999999999998 14.000000000000002 13.000000000000002 17 18.000000000000004 14.999999999999998 9.9999999999999982 9.9999999999999982 15.999999999999998 12.000000000000002 11.999999999999998 19 10.999999999999998 11.999999999999998
leaf_count=15 14 13 17 18 15 10 10 16 12 12 19 11 12
internal_value=-3.20097e-06 -0.091141 0.224259 -0.116061 0.174563 0.033203 0.13271 -0.15482 -0.0859765 -0.101747 -0.13784 -0.118932 -0.0585178
internal_weight=194 138 56 115 39 23 24 50 65 41 35 29 24
internal_count=194 138 56 115 39 23 24 50 65 41 35 29 24
is_linear=0
shrinkage=0.05


Tree=41
num_leaves=16
num_cat=0
split_feature=0 0 12 6 6 4 6 6 27 24 28 4 34 9 24
split_gain=1435.76 186.696 65.1586 34.853 34.6555 18.6164 16.1399 13.8614 12.0717 8.07198 7.57699 7.47659 3.88408 3.26961 0.403779
threshold=0.62200000000000011 0.78900000000000015 546.75000000000011 1.9908000000000003 2.3113000000000006 2.5000000000000004 1.0246000000000002 1.1130500000000001 0.41650000000000004 1.0093000000000003 0.52650000000000008 1.0000000180025095e-35 17.760000000000002 48.120000000000012 2.1400000000000001
decision_type=2 2 2 2 2 2 2 2 2 2 2 2 2 2 2
left_child=2 3 6 9 -3 8 11 13 10 -2 12 -1 -4 -7 -13
right_child=1 4 5 -5 -6 7 -8 -9 -10 -11 -12 14 -14 -15 -16
leaf_value=-0.19748602150179817 0.09291116702664004 0.20948730721111186 -0.15193969731283655 0.16275115826873915 0.31555145637333742 -0.043797420658687525 -0.10493521713025387 0.0057677961222015982 -0.044571886307532255 0.032431737579836334 -0.07322385938049436 -0.15865427503491389 -0.10315337680481576 -0.086613798908667994 -0.128706096393047
leaf_weight=13.999999999999998 11.000000000000002 17 10.000000000000002 13.999999999999998 17 10.000000000000005 17 9.9999999999999982 9.9999999999999982 11.999999999999998 10.999999999999998 10.000000000000002 10.999999999999998 9.9999999999999982 9.9999999999999982
leaf_count=14 11 17 10 14 17 10 17 10 10 12 11 10 11 10 10
internal_value=-5.38688e-06 0.178856 -0.103353 0.100499 0.263436 -0.0724196 -0.146698 -0.0418239 -0.0940037 0.0618501 -0.109108 -0.167064 -0.127232 -0.0657788 -0.144644
internal_weight=194 71 123 37 34 72 51 30 42 23 32 34 21 20 20
internal_count=194 71 123 37 34 72 51 30 42 23 32 34 21 20 20
is_linear=0
shrinkage=0.05


Tree=42
num_leaves=15
num_cat=0
split_feature=8 8 3 4 4 42 3 10 3 19 20 34 10 29
split_gain=1301.16 184.523 56.72 53.3537 30.2645 14.392 13.3833 9.38564 9.05538 6.3402 5.88239 8.95277 5.55925 3.63725
threshold=85.25800000000001 37.189500000000002 49.290000000000006 1.5000000000000002 3.5000000000000004 0.35400000000000009 29.245000000000001 41.620000000000012 46.32500000000001 97.396500000000017 98.666333333333355 47.315000000000005 47.615000000000002 7.612000000000001
decision_type=2 2 2 2 2 2 2 2 2 2 2 2 2 2
left_child=1 2 -1 7 -3 -4 10 13 -6 -8 11 -5 -9 -2
right_child=3 4 5 6 8 -7 9 12 -10 -11 -12 -13 -14 -15
leaf_value=0.17523680965454258 -0.18474564534107232 0.033394212243349652 0.25219785883875168 -0.13087948661371571 0.089955788555711777 0.34980427345426962 -0.01543731058503056 -0.091998583465132067 0.16099178861863542 -0.06395831298843728 -0.057895598218247704 -0.073957578512217043 -0.14211229272471129 -0.13751740240835927
leaf_weight=17 13.000000000000002 15.999999999999998 10.000000000000002 15.000000000000002 10.000000000000002 9.9999999999999982 11.000000000000002 13.000000000000002 9.9999999999999982 19 10.999999999999998 14.999999999999998 12.999999999999998 10.999999999999998
leaf_count=17 13 16 10 15 10 10 11 13 10 19 11 15 13 11
internal_value=-1.60434e-05 0.166539 0.244926 -0.100595 0.08538 0.302747 -0.072414 -0.140289 0.126347 -0.0464438 -0.0911358 -0.102925 -0.117695 -0.163967
internal_weight=194 73 37 121 36 20 71 50 20 30 41 30 26 24
internal_count=194 73 37 121 36 20 71 50 20 30 41 30 26 24
is_linear=0
shrinkage=0.05


Tree=43
num_leaves=15
num_cat=0
split_feature=0 16 12 3 6 4 6 42 3 7 27 28 4 7
split_gain=1175.26 155.726 53.858 44.6652 25.0852 16.5864 14.5213 12.9453 11.6503 11.3692 9.02557 6.71753 4.99598 4.6942
threshold=0.62200000000000011 0.34425000000000006 542.60000000000002 49.290000000000006 1.5180000000000002 2.5000000000000004 1.0246000000000002 0.35400000000000009 31.325000000000003 7.229000000000001 0.41650000000000004 0.52650000000000008 1.0000000180025095e-35 0.030500000000000003
decision_type=2 2 2 2 2 2 2 2 2 2 2 2 2 2
left_child=2 4 6 -3 -2 10 12 -5 -7 -6 11 13 -1 -4
right_child=1 3 5 7 9 8 -8 -9 -10 -11 -12 -13 -14 -15
leaf_value=-0.17982136662124742 0.026043769314482407 0.16756445907109174 -0.087382968522534479 0.23971281500145933 0.076270808883615426 -0.06110735485691049 -0.094198172442291089 0.33248723568302574 0.0030446448304631691 0.14582757945881775 -0.045228263554540848 -0.066857868480719326 -0.13429956206465293 -0.13821321070686846
leaf_weight=13.999999999999998 10.999999999999998 13.999999999999998 10.000000000000002 10.000000000000002 11.000000000000002 19.000000000000004 15.999999999999998 9.9999999999999982 10.999999999999998 14.999999999999998 10.999999999999998 11.999999999999998 18 11.999999999999998
leaf_count=14 11 14 10 10 11 19 16 10 11 15 11 12 18 12
internal_value=-1.36164e-05 0.161808 -0.0935192 0.239058 0.0902342 -0.0667685 -0.134987 0.287772 -0.0374869 0.116996 -0.0860524 -0.0989422 -0.154869 -0.115835
internal_weight=194 71 123 34 37 75 48 20 30 26 45 34 32 22
internal_count=194 71 123 34 37 75 48 20 30 26 45 34 32 22
is_linear=0
shrinkage=0.05


Tree=44
num_leaves=12
num_cat=0
split_feature=6 4 16 6 0 9 12 17 28 10 7
split_gain=1062.41 112.577 84.8609 44.3358 23.114 19.9255 9.90459 9.84125 6.10259 5.13047 1.48337
threshold=1.5992500000000003 2.5000000000000004 0.39040000000000002 1.1720500000000003 0.78900000000000015 26.230000000000004 584.35000000000002 99.415500000000023 1.0000000180025095e-35 61.135000000000012 7.229000000000001
decision_type=2 2 2 2 2 2 2 2 2 2 2
left_child=1 5 4 9 10 -1 7 8 -7 -3 -2
right_child=2 3 -4 -5 -6 6 -8 -9 -10 -11 -12
leaf_value=-0.15951155795166827 0.086055365070566381 -0.022766477980457982 0.26970905259017547 0.050985931922059025 0.18429733662871839 -0.15527468813527931 -0.06276738097067161 -0.072081892336146855 -0.107065006853531 -0.068218355436132555 0.11909751008347709
leaf_weight=14.999999999999998 11.000000000000002 11.000000000000002 19 18 15.999999999999998 9.9999999999999982 19 17 32 15.999999999999998 9.9999999999999982
leaf_count=15 11 11 19 18 16 10 19 17 32 16 10
internal_value=-8.1997e-06 -0.0745715 0.183453 -0.00949397 0.138417 -0.105963 -0.09541 -0.105713 -0.119004 -0.0500378 0.102517
internal_weight=194 138 56 45 37 93 78 59 42 27 21
internal_count=194 138 56 45 37 93 78 59 42 27 21
is_linear=0
shrinkage=0.05


Tree=45
num_leaves=15
num_cat=0
split_feature=8 8 3 12 4 8 34 42 3 21 15 19 19 27
split_gain=963.054 137.026 44.1623 40.5034 24.0129 13.3861 12.3463 10.733 10.203 6.47114 6.01932 8.28985 5.0409 1.66051
threshold=85.25800000000001 37.189500000000002 49.290000000000006 542.60000000000002 3.5000000000000004 98.399500000000003 44.45000000000001 0.35400000000000009 29.245000000000001 85.888000000000005 2.5000000000000004 98.080500000000015 97.396500000000017 0.80500000000000005
decision_type=2 2 2 2 2 2 2 2 2 2 2 2 2 2
left_child=1 2 -1 5 -3 6 -2 -4 10 -6 -5 -12 -10 -7
right_child=3 4 7 8 9 13 -8 -9 12 -11 11 -13 -14 -15
leaf_value=0.14934998037653011 -0.12991023826169534 0.026994122879475543 0.21794007036945603 -0.052938810803042427 0.078772942589061076 -0.124694812533879 -0.053234931090343246 0.30267553943218573 -0.012184782312796993 0.13924772031236404 -0.11665805866999653 -0.058111998452259617 -0.055476554814745616 -0.16008888460834572
leaf_weight=17 11.000000000000002 15.999999999999998 10.000000000000002 15.999999999999998 10.000000000000002 10.000000000000002 10.999999999999998 9.9999999999999982 11.000000000000002 9.9999999999999982 16.000000000000004 10.999999999999998 19 15.999999999999998
leaf_count=17 11 16 10 16 10 10 11 10 11 10 16 11 19 16
internal_value=-7.4688e-06 0.143279 0.210838 -0.0865414 0.0733134 -0.122344 -0.0922132 0.261852 -0.0627963 0.109801 -0.0785511 -0.0932929 -0.0398622 -0.147197
internal_weight=194 73 37 121 36 48 22 20 73 20 43 27 30 26
internal_count=194 73 37 121 36 48 22 20 73 20 43 27 30 26
is_linear=0
shrinkage=0.05


Tree=46
num_leaves=16
num_cat=0
split_feature=0 42 4 6 16 9 41 10 30 8 6 10 12 27 32
split_gain=870.602 116.797 40.2583 27.5218 25.3444 18.1593 12.7098 6.83746 6.15197 6.11913 5.59976 5.18821 4.64957 2.97815 2.85274
threshold=0.62200000000000011 0.28150000000000008 1.5000000000000002 1.7177500000000003 0.43345000000000006 62.720000000000006 2.3571428571428572 41.620000000000012 0.17083333333333098 97.548000000000016 1.5180000000000002 47.615000000000002 546.75000000000011 9.7675000000000018 18.705000000000002
decision_type=2 2 2 2 2 2 2 2 2 2 2 2 2 2 2
left_child=2 3 7 10 -3 -5 9 13 -8 -4 -2 -9 -10 -1 -14
right_child=1 4 6 5 -6 -7 8 11 12 -11 -12 -13 14 -15 -16
leaf_value=-0.10985650178229452 0.02191373968312332 0.18151035653138006 0.0016902523467669612 0.084820334300512557 0.28814331564572776 0.17443648152523214 -0.10635478858015324 -0.071499235876871403 -0.091566020353595803 -0.050493864835919569 0.074628820336691229 -0.11909770058994074 -0.030591579421985246 -0.15233281833905701 -0.063242213131557576
leaf_weight=10.000000000000002 11.000000000000002 16.000000000000004 11.000000000000002 13.000000000000002 9.9999999999999982 10.999999999999998 9.9999999999999982 13.000000000000002 9.9999999999999982 10.999999999999998 9.9999999999999982 12.999999999999998 12.000000000000002 13.999999999999998 19
leaf_count=10 11 16 11 13 10 11 10 13 10 11 10 13 12 14 19
internal_value=-5.76392e-06 0.139268 -0.080488 0.0900085 0.223661 0.126655 -0.05655 -0.115155 -0.0702952 -0.024286 0.0474878 -0.0958552 -0.0611411 -0.135371 -0.050903
internal_weight=194 71 123 45 26 24 73 50 51 22 21 26 41 24 31
internal_count=194 71 123 45 26 24 73 50 51 22 21 26 41 24 31
is_linear=0
shrinkage=0.05


Tree=47
num_leaves=14
num_cat=0
split_feature=6 3 3 10 12 2 10 6 30 3 2 4 11
split_gain=785.291 89.5806 65.6053 27.4373 26.6525 15.5873 11.3845 11.2648 9.41548 11.3053 6.68473 4.03841 3.57368
threshold=1.5992500000000003 33.980000000000011 49.290000000000006 75.200000000000003 542.60000000000002 0.63050000000000017 73.640000000000001 1.0246000000000002 0.17083333333333098 21.880000000000006 0.7400000000000001 1.0000000180025095e-35 550.45000000000016
decision_type=2 2 2 2 2 2 2 2 2 2 2 2 2
left_child=1 4 5 -4 7 -2 -3 11 -6 10 -10 -1 -11
right_child=2 6 3 -5 8 -7 -8 -9 9 12 -12 -13 -14
leaf_value=-0.15043827709576763 0.15564040128547363 -0.0048397324808681268 0.14459183941973314 0.25348224284356097 -0.091578176960895194 0.076766690135938329 0.065566477622136035 -0.074889837890308092 -0.099833767620985142 -0.0040365490846890053 -0.046402464249661865 -0.10991961840766569 -0.043946991337312238
leaf_weight=13.999999999999998 10.000000000000002 13.000000000000002 10.000000000000002 17 19 19 9.9999999999999982 15.999999999999998 12.000000000000002 12.000000000000002 12.999999999999998 18 10.999999999999998
leaf_count=14 10 13 10 17 19 19 10 16 12 12 13 18 11
internal_value=-5.93712e-06 -0.064115 0.157721 0.214019 -0.0821295 0.104578 0.0257065 -0.110737 -0.0614256 -0.0492207 -0.0725443 -0.128216 -0.0234482
internal_weight=194 138 56 27 115 29 23 48 67 48 25 32 23
internal_count=194 138 56 27 115 29 23 48 67 48 25 32 23
is_linear=0
shrinkage=0.05


Tree=48
num_leaves=13
num_cat=0
split_feature=8 16 10 36 16 7 4 33 27 12 9 6
split_gain=714.358 103.551 36.5881 30.3384 23.6414 17.4616 11.0635 7.57252 7.49208 6.62297 5.47633 1.5025
threshold=85.25800000000001 0.36015000000000003 69.375000000000014 33.041428571428575 0.43345000000000006 6.3895000000000008 2.5000000000000004 51.675000000000004 0.41650000000000004 572.80000000000007 48.120000000000012 0.99890000000000012
decision_type=2 2 2 2 2 2 2 2 2 2 2 2
left_child=1 2 -1 6 -3 -4 8 11 9 -2 -8 -5
right_child=3 4 5 7 -6 -7 10 -9 -10 -11 -12 -13
leaf_value=0.011714916533192262 -0.1060391489393222 0.16214460503330541 0.062726290262382439 -0.13254299947570039 0.26229889746939783 0.14137762007657548 0.00060780118450079793 -0.078709631752593351 -0.038054546808942838 -0.056987821189224297 -0.045003674825581395 -0.1027735088482376
leaf_weight=14.999999999999998 16.000000000000004 18.000000000000004 13.000000000000002 18.000000000000004 9.9999999999999982 17 10.000000000000002 19 13.999999999999998 13.999999999999998 18 11.999999999999998
leaf_count=15 16 18 13 18 10 17 10 19 14 14 18 12
internal_value=-7.69687e-06 0.123395 0.0759682 -0.0745392 0.198898 0.107783 -0.0536166 -0.105009 -0.0693272 -0.08358 -0.0285917 -0.121182
internal_weight=194 73 45 121 28 30 72 49 44 30 28 30
internal_count=194 73 45 121 28 30 72 49 44 30 28 30
is_linear=0
shrinkage=0.05


Tree=49
num_leaves=16
num_cat=0
split_feature=0 42 12 6 34 8 34 3 3 33 30 18 24 35 27
split_gain=645.483 89.114 30.4829 22.7851 16.4953 10.4196 10.5074 9.48937 9.45272 9.25345 5.58938 6.93075 4.75649 2.38614 1.1225
threshold=0.62200000000000011 0.29100000000000009 542.60000000000002 1.7177500000000003 27.370000000000001 98.399500000000003 44.45000000000001 29.835000000000004 54.130000000000003 19.815000000000001 0.17083333333333098 97.822500000000005 1.0093000000000003 21.850000000000012 0.80500000000000005
decision_type=2 2 2 2 2 2 2 2 2 2 2 2 2 2 2
left_child=2 3 5 12 -5 6 -1 10 -3 -9 -4 -12 -2 -13 -7
right_child=1 8 7 4 -6 14 -8 9 -10 -11 11 13 -14 -15 -16
leaf_value=-0.10866257747014361 0.065948104327267928 0.1624636280644047 -0.096875608380478206 0.058457405378322773 0.1412981934889018 -0.1034366424721066 -0.038208455625955054 0.0027607567661197471 0.23402669715487268 -0.054285426279331785 -0.021326963695859125 -0.05425751848726082 0.017398494159853138 -0.088541050919211731 -0.13325300098205944
leaf_weight=11.000000000000002 10.000000000000002 11.000000000000002 9.9999999999999982 10.000000000000002 17 10.000000000000002 10.999999999999998 14.000000000000002 11.999999999999998 13.999999999999998 11.999999999999998 15.000000000000002 10.999999999999998 9.9999999999999982 15.999999999999998
leaf_count=11 10 11 10 10 17 10 11 14 12 14 12 15 11 10 16
internal_value=-5.23139e-06 0.119914 -0.0693087 0.0806823 0.11113 -0.100527 -0.073994 -0.0491551 0.200869 -0.0256761 -0.0629523 -0.0534127 0.0409573 -0.0684683 -0.122417
internal_weight=194 71 123 48 27 48 22 75 23 28 47 37 21 25 26
internal_count=194 71 123 48 27 48 22 75 23 28 47 37 21 25 26
is_linear=0
shrinkage=0.05


Tree=50
num_leaves=14
num_cat=0
split_feature=8 16 3 36 10 26 19 42 3 10 33 22 6
split_gain=586.012 85.2503 26.9054 25.1137 17.1076 8.23082 7.99551 7.67285 7.18022 8.8399 6.60393 3.5461 1.16543
threshold=85.25800000000001 0.34425000000000006 49.290000000000006 33.041428571428575 67.960000000000022 1.539407142857143 96.987500000000011 0.35400000000000009 25.215000000000003 63.035000000000004 51.675000000000004 1.0096500000000004 0.99890000000000012
decision_type=2 2 2 2 2 2 2 2 2 2 2 2 2
left_child=1 4 -3 5 -1 8 -6 -4 -2 -10 12 -7 -5
right_child=3 2 7 10 6 11 -8 -9 9 -11 -12 -13 -14
leaf_value=0.0074355643611770496 -0.060669939228184311 0.11428036004938978 0.17055744357628391 -0.12056429254415942 0.046873119741946717 -0.087741049986011913 0.1033434732615599 0.24165028935611838 0.00635991117713467 -0.048493642787984084 -0.0706954776928687 -0.046900843895307867 -0.093719896551006099
leaf_weight=10.999999999999998 18 13.999999999999998 10.000000000000002 18.000000000000004 11.000000000000002 15.000000000000002 17 9.9999999999999982 15.000000000000002 13.999999999999998 19 9.9999999999999982 11.999999999999998
leaf_count=11 18 14 10 18 11 15 17 10 15 14 19 10 12
internal_value=-6.68256e-06 0.11176 0.169638 -0.067514 0.0608696 -0.0484666 0.0815824 0.207378 -0.035793 -0.0200249 -0.0952446 -0.0718561 -0.11034
internal_weight=194 73 34 121 39 72 28 20 47 29 49 25 30
internal_count=194 73 34 121 39 72 28 20 47 29 49 25 30
is_linear=0
shrinkage=0.05


Tree=51
num_leaves=16
num_cat=0
split_feature=8 4 16 4 36 35 22 25 7 8 33 27 12 21 6
split_gain=529.471 77.9399 30.7729 23.3177 10.482 8.92404 8.00001 9.00678 8.96118 6.83057 5.95156 5.35138 4.18178 4.07878 1.00485
threshold=85.25800000000001 4.5000000000000009 0.34425000000000006 1.5000000000000002 25.39714285714286 26.546666666666681 1.0353000000000001 0.97913333333333419 0.030500000000000003 98.561000000000021 55.125000000000007 2.6605000000000003 525.35000000000014 71.000285714285724 0.99500000000000011
decision_type=2 2 2 2 2 2 2 2 2 2 2 2 2 2 2
left_child=1 2 5 10 -4 -1 7 -5 13 -8 12 -7 14 -9 -2
right_child=3 -3 4 6 -6 11 9 8 -10 -11 -12 -13 -14 -15 -16
leaf_value=0.010484474817337084 -0.12966785677918438 0.19333975608436227 0.16146883350787772 -0.021173492660547827 0.085710773491623371 0.087473854213214089 0.010584533922743085 -0.068192615190354897 -0.095987649758656812 -0.047310938162378746 -0.057892001217061832 0.036261387361158241 -0.078850223149479537 -0.021831644614144132 -0.099693788171888467
leaf_weight=11.999999999999998 11.000000000000002 19 10.000000000000002 13.999999999999998 9.9999999999999982 12.000000000000002 10.000000000000002 10.000000000000002 17 9.9999999999999982 11.999999999999998 9.9999999999999982 15.999999999999998 9.9999999999999982 10.999999999999998
leaf_count=12 11 19 10 14 10 12 10 10 17 10 12 10 16 10 11
internal_value=-8.9472e-07 0.106236 0.075195 -0.0641702 0.124453 0.0457928 -0.0455009 -0.0560505 -0.0690198 -0.0182058 -0.090437 0.0646911 -0.100404 -0.0454848 -0.115426
internal_weight=194 73 54 121 20 34 71 51 37 20 50 22 38 20 22
internal_count=194 73 54 121 20 34 71 51 37 20 50 22 38 20 22
is_linear=0
shrinkage=0.05


Tree=52
num_leaves=13
num_cat=0
split_feature=8 6 3 4 9 8 14 8 12 6 27 2
split_gain=478.59 58.2101 34.7488 25.0272 10.7714 10.0868 8.55475 7.22433 6.01044 5.05391 4.18214 2.98366
threshold=68.594500000000025 2.4376000000000002 29.245000000000001 3.5000000000000004 26.230000000000004 37.189500000000002 16407.000000000004 98.764500000000012 542.60000000000002 1.1399000000000001 0.41650000000000004 0.72150000000000014
decision_type=2 2 2 2 2 2 2 2 2 2 2 2
left_child=1 3 4 -1 -2 -5 9 10 -9 -4 11 -6
right_child=2 -3 6 5 7 -7 -8 8 -10 -11 -12 -13
leaf_value=0.037653995028341006 -0.11109643511424792 0.1911985723247305 -0.017389845824945044 0.14823286503799687 -0.08151358622164763 0.085018368176421763 -0.051641040127556603 -0.10431519306224324 -0.06031284401429951 0.026455491318090548 -0.029610995044223744 -0.045446803204134002
leaf_weight=19 14.999999999999998 17 16.000000000000004 12.000000000000002 12.000000000000002 15.999999999999998 10.999999999999998 15.999999999999998 18 10.999999999999998 17 13.999999999999998
leaf_count=19 15 17 16 12 12 16 11 16 18 11 17 14
internal_value=-3.04695e-06 0.111796 -0.0551245 0.0826243 -0.0717389 0.112719 -0.014686 -0.0638729 -0.0814116 0.000320274 -0.0497323 -0.0625331
internal_weight=194 64 130 47 92 28 38 77 34 27 43 26
internal_count=194 64 130 47 92 28 38 77 34 27 43 26
is_linear=0
shrinkage=0.05


Tree=53
num_leaves=16
num_cat=0
split_feature=42 4 8 3 8 9 9 37 38 28 3 14 23 38 20
split_gain=433.076 49.1211 43.7232 24.1778 20.0847 10.2263 9.59435 6.52409 5.01542 4.08299 6.55401 4.20966 3.85776 3.16966 2.73951
threshold=0.14950000000000005 2.5000000000000004 4.1065000000000014 49.290000000000006 90.358500000000006 64.185000000000016 26.230000000000004 3.5000000000000004 1.5000000000000002 0.18800000000000003 14.645000000000001 10342.000000000002 1.0144500000000003 1.0000000180025095e-35 96.882166666666691
decision_type=2 2 2 2 2 2 2 2 2 2 2 2 2 2 2
left_child=1 6 -2 5 14 -4 -1 -5 -6 13 11 -11 -12 -8 -3
right_child=2 4 3 7 8 -7 9 -9 -10 10 12 -13 -14 -15 -16
leaf_value=-0.10557840111239856 0.21212974084485878 0.013141077683113584 0.037725422397163338 0.16766385996695787 -0.0064057822016501164 0.10318746776273935 -0.0990797846166937 0.10543218628309742 -0.052752809480622123 -0.050744272238230907 -0.057272477777859626 -0.097982520632224512 -0.020295041677547476 -0.06148015691997101 0.051100162077363176
leaf_weight=14.999999999999998 9.9999999999999982 10.000000000000002 16.000000000000004 10.000000000000002 10.000000000000002 9.9999999999999982 11.000000000000002 9.9999999999999982 14.999999999999998 11.000000000000002 13.000000000000002 9.9999999999999982 17 15.999999999999998 9.9999999999999982
leaf_count=15 10 10 16 10 10 10 11 10 15 11 13 10 17 16 10
internal_value=-5.79944e-06 -0.0476211 0.117119 0.0959402 -0.00459932 0.0633936 -0.0683571 0.137476 -0.0345126 -0.0610092 -0.0521565 -0.0738334 -0.0366217 -0.0772921 0.0325292
internal_weight=194 138 56 46 45 26 93 20 25 78 51 21 30 27 20
internal_count=194 138 56 46 45 26 93 20 25 78 51 21 30 27 20
is_linear=0
shrinkage=0.05


Tree=54
num_leaves=15
num_cat=0
split_feature=0 4 8 36 32 4 39 1 29 1 3 3 30 6
split_gain=393.127 58.5645 20.4906 19.5429 10.7452 9.46479 6.66675 5.58762 5.01878 4.08945 4.00537 3.94301 3.90527 1.91659
threshold=0.62200000000000011 4.5000000000000009 37.189500000000002 33.041428571428575 44.530000000000008 2.5000000000000004 4.5000000000000009 0.57750000000000001 0.030500000000000003 0.50150000000000017 14.110000000000001 31.325000000000003 0.2811666666666644 0.99890000000000012
decision_type=2 2 2 2 2 2 2 2 2 2 2 2 2 2
left_child=3 2 4 5 -2 6 9 10 -4 -1 13 -7 -11 -5
right_child=1 -3 8 7 -6 11 -8 -9 -10 12 -12 -13 -14 -15
leaf_value=-0.085228331079919839 0.13788480758666988 0.16873148245961256 0.061883441014712985 -0.094313005713729137 0.065689558086094557 -0.029516669266928003 -0.016860023986648872 -0.10263731385532178 0.019897379561079592 -0.071605955912630137 -0.039568793505161737 0.0085112884275715898 -0.027985338558835435 -0.060105400259542002
leaf_weight=12.999999999999998 11.000000000000002 19 13.000000000000002 11.000000000000002 10.999999999999998 17.000000000000004 10.999999999999998 17 17 10.000000000000002 10.999999999999998 10.999999999999998 11.999999999999998 9.9999999999999982
leaf_count=13 11 19 13 11 11 17 11 17 17 10 11 11 12 10
internal_value=-3.22224e-06 0.0935776 0.0657504 -0.0540942 0.102474 -0.0376618 -0.0516373 -0.0786813 0.0384026 -0.0623457 -0.0655188 -0.0144221 -0.0482734 -0.0786227
internal_weight=194 71 52 123 22 74 46 49 30 35 32 28 22 21
internal_count=194 71 52 123 22 74 46 49 30 35 32 28 22 21
is_linear=0
shrinkage=0.05


Tree=55
num_leaves=15
num_cat=0
split_feature=0 6 0 4 10 41 6 33 30 33 12 36 13 6
split_gain=355.209 53.0307 18.4782 17.8904 9.54447 6.94683 5.16944 4.98488 4.67425 3.50412 2.7129 2.68155 3.71424 0.775858
threshold=0.62200000000000011 2.4376000000000002 0.78900000000000015 1.5000000000000002 69.375000000000014 2.3571428571428572 1.9908000000000003 55.125000000000007 0.17083333333333098 18.800000000000004 525.35000000000014 29.651428571428575 11.500000000000002 0.99500000000000011
decision_type=2 2 2 2 2 2 2 2 2 2 2 2 2 2
left_child=3 2 4 7 -2 9 -6 10 -7 -5 13 -10 -13 -1
right_child=1 -3 -4 5 6 8 -8 -9 11 -11 -12 12 -14 -15
leaf_value=-0.10832091344369421 0.0038583947010002694 0.16598646689576713 0.10582358075089711 0.0062960179984446378 0.040618957352164559 -0.076723724721681971 0.08851656805318181 -0.044929807442278903 -0.060717191554532202 -0.033360461167769861 -0.066005224100551249 -0.017503279207442043 -0.055134396859914961 -0.08212629803666123
leaf_weight=11.000000000000002 10.999999999999998 17 18 12.000000000000002 15.000000000000002 9.9999999999999982 9.9999999999999982 11.999999999999998 9.9999999999999982 9.9999999999999982 15.999999999999998 21.000000000000004 9.9999999999999982 10.999999999999998
leaf_count=11 11 17 18 12 15 10 10 12 10 10 16 21 10 11
internal_value=-7.31762e-06 0.0889447 0.0643364 -0.0514248 0.0432186 -0.0354321 0.0602535 -0.0745569 -0.0455838 -0.0115728 -0.0836391 -0.0376988 -0.0299414 -0.0958807
internal_weight=194 71 54 123 36 73 25 50 51 22 38 41 31 22
internal_count=194 71 54 123 36 73 25 50 51 22 38 41 31 22
is_linear=0
shrinkage=0.05


Tree=56
num_leaves=15
num_cat=0
split_feature=8 4 16 36 36 17 26 17 36 9 17 1 22 1
split_gain=322.931 51.3441 17.3753 14.8239 9.85489 7.78926 5.65636 5.1072 6.36548 4.02068 3.76333 3.81065 2.60379 1.0669
threshold=85.25800000000001 4.5000000000000009 0.34425000000000006 33.041428571428575 25.39714285714286 97.632500000000007 1.539407142857143 99.629500000000021 36.299285714285723 58.595000000000006 99.355500000000021 0.59900000000000009 1.0096500000000004 0.55850000000000011
decision_type=2 2 2 2 2 2 2 2 2 2 2 2 2 2
left_child=1 2 5 6 -4 9 10 8 13 -1 11 -2 -8 -5
right_child=3 -3 4 7 -6 -7 12 -9 -10 -11 -12 -13 -14 -15
leaf_value=-0.0010641439348336092 -0.017548212541647606 0.15365815162195468 0.1302828733873839 -0.083425329782947977 0.057879304649806264 0.070174325901914289 -0.068404896547462749 -0.038028643095847414 -0.049756274628275227 0.040288793118586685 -0.00036885823577272991 -0.051326200839201475 -0.03354499980364696 -0.11033092642774676
leaf_weight=12.000000000000002 19 19 10.000000000000002 16.000000000000004 9.9999999999999982 10.999999999999998 15.000000000000002 9.9999999999999982 12.999999999999998 10.999999999999998 11.999999999999998 15.999999999999998 9.9999999999999982 9.9999999999999982
leaf_count=12 19 19 10 16 10 11 15 10 13 11 12 16 10 10
internal_value=-1.29717e-05 0.082949 0.0577394 -0.0501329 0.0947979 0.0355796 -0.0354744 -0.0714539 -0.0797774 0.0185857 -0.0249679 -0.0332343 -0.0548493 -0.0943483
internal_weight=194 73 54 121 20 34 72 49 39 23 47 35 25 26
internal_count=194 73 54 121 20 34 72 49 39 23 47 35 25 26
is_linear=0
shrinkage=0.05


Tree=57
num_leaves=14
num_cat=0
split_feature=8 8 3 3 37 14 9 14 8 12 18 3 34
split_gain=292.611 40.8518 22.2067 20.6869 8.24909 7.74183 6.96482 6.14275 5.17658 4.28344 3.96446 3.193 3.15216
threshold=68.594500000000025 4.1065000000000014 29.245000000000001 49.290000000000006 3.5000000000000004 14894.500000000002 26.230000000000004 16407.000000000004 98.764500000000012 542.60000000000002 97.26900000000002 32.830000000000005 44.45000000000001
decision_type=2 2 2 2 2 2 2 2 2 2 2 2 2
left_child=1 -1 6 5 -5 -3 -2 11 10 -10 12 -4 -8
right_child=2 3 7 4 -6 -7 8 -9 9 -11 -12 -13 -14
leaf_value=0.18022606467256452 -0.088120186644674137 0.069653820898962313 -0.0170173776158986 0.14240936135301491 0.076632424423823495 0.020546342517461694 -0.040656837320509752 -0.042102254027718902 -0.084238334546178018 -0.047064250411249647 -0.055337341980404013 0.01741262326905171 -0.003768363353368399
leaf_weight=9.9999999999999982 14.999999999999998 15.999999999999998 12.000000000000002 10.000000000000002 10.999999999999998 17 13.000000000000002 10.999999999999998 15.999999999999998 18 19 14.999999999999998 10.999999999999998
leaf_count=10 15 16 12 10 11 17 13 11 16 18 19 15 11
internal_value=-1.75145e-05 0.0873948 -0.0431238 0.06981 0.108718 0.0446456 -0.0564071 -0.0107694 -0.0500581 -0.0649003 -0.038083 0.00191957 -0.0240429
internal_weight=194 64 130 54 21 33 92 38 77 34 43 27 24
internal_count=194 64 130 54 21 33 92 38 77 34 43 27 24
is_linear=0
shrinkage=0.05


Tree=58
num_leaves=16
num_cat=0
split_feature=0 16 3 12 19 33 18 26 3 6 9 29 33 27 32
split_gain=264.102 41.7678 20.9251 13.3797 9.2799 8.94652 5.74931 6.22079 9.08508 5.74253 5.26303 5.1539 4.04832 1.5303 0.333971
threshold=0.62200000000000011 0.43345000000000006 49.290000000000006 546.75000000000011 97.921000000000006 30.140000000000004 96.01900000000002 1.539407142857143 29.835000000000004 1.0246000000000002 64.185000000000016 0.13550000000000004 19.815000000000001 0.80500000000000005 51.675000000000004
decision_type=2 2 2 2 2 2 2 2 2 2 2 2 2 2 2
left_child=3 2 5 9 -4 -2 -5 8 11 13 -7 -8 -10 -1 -15
right_child=1 -3 4 6 -6 10 7 -9 12 -11 -12 -13 -14 14 -16
leaf_value=-0.0610603595879061 0.0059968442609863925 0.17130398301057298 0.062360132876599188 0.0025580925178957416 0.13000093865985712 0.03499623758467376 -0.070726932994713443 -0.065722906293598476 0.0206841074815481 -0.039319021119708905 0.082532376493956588 -0.025804426896058965 -0.024049239489480415 -0.096301747253625669 -0.074384629844438929
leaf_weight=13.999999999999998 13.999999999999998 9.9999999999999982 10 10.999999999999998 12 14.000000000000002 12.000000000000002 13.999999999999998 10.000000000000002 17 10.999999999999998 14.999999999999998 9.9999999999999982 10.000000000000002 9.9999999999999982
leaf_count=14 14 10 10 11 12 14 12 14 10 17 11 15 10 10 10
internal_value=-1.46146e-05 0.0766826 0.0608341 -0.0443539 0.0999027 0.0384683 -0.0302736 -0.0362704 -0.0272703 -0.064036 0.0563568 -0.0461418 -0.00144218 -0.0760963 -0.0860165
internal_weight=194 71 61 123 22 39 72 61 47 51 25 27 20 34 20
internal_count=194 71 61 123 22 39 72 61 47 51 25 27 20 34 20
is_linear=0
shrinkage=0.05


Tree=59
num_leaves=14
num_cat=0
split_feature=8 8 3 3 10 37 17 14 1 12 10 17 3
split_gain=240.063 33.1517 17.6795 16.735 8.45853 7.44632 6.19707 5.27863 4.96659 5.60244 4.53585 2.89765 2.69
threshold=68.594500000000025 4.1065000000000014 29.245000000000001 49.290000000000006 73.305000000000021 3.5000000000000004 99.355500000000021 17273.000000000004 0.58350000000000002 502.35000000000008 47.145000000000003 96.188000000000017 32.830000000000005
decision_type=2 2 2 2 2 2 2 2 2 2 2 2 2
left_child=1 -1 6 4 -3 -5 8 12 9 -2 -8 -11 -4
right_child=2 3 7 5 -6 -7 10 -9 -10 11 -12 -13 -14
leaf_value=0.16282358526593388 -0.073578835213393493 0.014010334519310769 -0.015562059772236429 0.13026312388996084 0.065183491752706241 0.06791727530795176 -0.05147084762121884 -0.04116650276845045 -0.082295566533810524 -0.020486403360272083 -0.0099082439265986699 -0.052514610533287986 0.015380195053201788
leaf_weight=9.9999999999999982 17 15.999999999999998 13.000000000000002 10.000000000000002 17 10.999999999999998 13.000000000000002 9.9999999999999982 18 15.000000000000002 13.999999999999998 14.999999999999998 14.999999999999998
leaf_count=10 17 16 13 10 17 11 13 10 18 15 14 15 15
internal_value=-1.12292e-05 0.0791616 -0.039058 0.0633039 0.0406406 0.0983194 -0.0509125 -0.0101681 -0.0593712 -0.0503294 -0.0302205 -0.0367879 0.000831956
internal_weight=194 64 130 54 33 21 92 38 65 47 27 30 28
internal_count=194 64 130 54 33 21 92 38 65 47 27 30 28
is_linear=0
shrinkage=0.05


Tree=60
num_leaves=13
num_cat=0
split_feature=8 8 10 3 36 4 39 15 29 1 1 33
split_gain=217.608 26.1948 24.7707 15.3072 10.9805 5.30981 6.10464 4.83144 4.63683 4.40964 4.19787 2.94718
threshold=64.051500000000019 4.1065000000000014 73.640000000000001 49.290000000000006 33.041428571428575 2.5000000000000004 4.5000000000000009 5.5000000000000009 0.21650000000000003 0.57750000000000001 0.51750000000000018 51.675000000000004
decision_type=2 2 2 2 2 2 2 2 2 2 2 2
left_child=1 -1 4 7 5 6 10 -3 -7 11 -2 -6
right_child=2 3 -4 -5 9 8 -8 -9 -10 -11 -12 -13
leaf_value=0.15476301353756744 -0.069209952050854701 0.014907746204921787 0.0405784717069404 0.10023098335996349 -0.061316024351515154 -0.030687281898936332 -0.0068158121628535753 0.057817767434933567 0.007149042169538801 -0.08039656305870814 -0.032878404188880599 -0.029409774630627734
leaf_weight=9.9999999999999982 15.999999999999998 11.000000000000002 9.9999999999999982 19 18 17 10.999999999999998 18 14.999999999999998 17 18 13.999999999999998
leaf_count=10 16 11 10 19 18 17 11 18 15 17 18 14
internal_value=-9.15805e-06 0.0809724 -0.0346163 0.0652056 -0.0406512 -0.0286879 -0.0398012 0.0418205 -0.0128287 -0.0592521 -0.0502751 -0.0476479
internal_weight=194 58 136 48 126 77 45 29 32 49 34 32
internal_count=194 58 136 48 126 77 45 29 32 49 34 32
is_linear=0
shrinkage=0.05


Tree=61
num_leaves=13
num_cat=0
split_feature=8 4 10 4 32 8 30 13 10 33 27 0
split_gain=196.6 24.2082 22.3865 10.0421 8.42313 13.2469 5.1199 5.55866 4.71582 3.65027 1.95033 1.98046
threshold=64.051500000000019 4.5000000000000009 73.640000000000001 1.5000000000000002 44.860000000000007 37.189500000000002 0.13049999999999765 11.500000000000002 52.460000000000008 55.125000000000007 14.264500000000002 0.19400000000000003
decision_type=2 2 2 2 2 2 2 2 2 2 2 2
left_child=1 4 3 9 5 -1 -5 8 -8 10 11 -2
right_child=2 -3 -4 6 -6 -7 7 -9 -10 -11 -12 -13
leaf_value=0.10587699822797117 -0.087665789482022097 0.12340028644856359 0.038569636853172051 -0.054464531103347216 0.018330246539524767 0.034817694116991468 0.014355565682906685 -0.043185723237498266 -0.021439890123662413 -0.030881486377440211 -0.042818719030606869 -0.0578016705209424
leaf_weight=13.000000000000002 12.000000000000002 19 9.9999999999999982 13.999999999999998 11.999999999999998 13.999999999999998 12.999999999999998 19 30 11.999999999999998 9.9999999999999982 15.999999999999998
leaf_count=13 12 19 10 14 12 14 13 19 30 12 10 16
internal_value=-7.03261e-06 0.0769649 -0.0329025 -0.0386406 0.0539569 0.0694804 -0.027005 -0.0206462 -0.0104938 -0.0561377 -0.0638801 -0.0710449
internal_weight=194 58 136 126 39 27 76 62 43 50 38 28
internal_count=194 58 136 126 39 27 76 62 43 50 38 28
is_linear=0
shrinkage=0.05


Tree=62
num_leaves=14
num_cat=0
split_feature=8 4 4 4 33 17 6 7 22 2 33 27 17
split_gain=178.201 31.7894 11.7054 8.75527 6.50848 4.92107 4.87152 3.45397 5.50774 5.17934 3.28922 1.74992 2.12678
threshold=85.25800000000001 4.5000000000000009 3.5000000000000004 1.5000000000000002 30.140000000000004 96.765000000000015 2.0582000000000007 0.030500000000000003 0.96865000000000012 0.74650000000000005 55.125000000000007 14.264500000000002 96.765000000000015
decision_type=2 2 2 2 2 2 2 2 2 2 2 2 2
left_child=1 2 4 10 -1 -5 -4 8 -7 -9 11 12 -2
right_child=3 -3 6 5 -6 7 -8 9 -10 -11 -12 -13 -14
leaf_value=-0.014482676750510041 -0.081189897163024785 0.1172625774176333 0.043815038200490958 -0.0028462940881039058 0.037149979034747115 -0.049127356332164612 0.086580767934672703 -0.027125954236967339 -0.003975496091236725 -0.075283505011460583 -0.029350173473358155 -0.040698981122805344 -0.050882036881592443
leaf_weight=10.000000000000002 15.000000000000002 19 16.000000000000004 18 14.999999999999998 11.000000000000002 12.999999999999998 14.000000000000002 18 9.9999999999999982 11.999999999999998 9.9999999999999982 12.999999999999998
leaf_count=10 15 19 16 18 15 11 13 14 18 10 12 10 13
internal_value=-6.75579e-06 0.0616147 0.0417619 -0.0372448 0.0163223 -0.0257613 0.0633894 -0.0334296 -0.0213839 -0.0476282 -0.0533676 -0.0607239 -0.0675275
internal_weight=194 73 54 121 25 71 29 53 29 24 50 38 28
internal_count=194 73 54 121 25 71 29 53 29 24 50 38 28
is_linear=0
shrinkage=0.05


Tree=63
num_leaves=16
num_cat=0
split_feature=3 8 8 1 36 4 26 29 1 17 1 27 3 19 6
split_gain=161.471 32.902 10.193 10.6874 8.67777 6.50929 5.31755 4.54836 8.03116 5.13842 3.48805 3.42311 2.65148 1.48642 1.08253
threshold=35.755000000000003 37.189500000000002 4.1065000000000014 0.53450000000000009 33.041428571428575 3.5000000000000004 1.539407142857143 0.13550000000000004 0.59200000000000008 98.526500000000013 0.57750000000000001 1.0000000180025095e-35 14.110000000000001 98.585000000000022 0.99890000000000012
decision_type=2 2 2 2 2 2 2 2 2 2 2 2 2 2 2
left_child=4 2 -2 -4 6 -3 7 8 -1 -9 12 -8 14 -7 -6
right_child=1 5 3 -5 10 13 11 9 -10 -11 -12 -13 -14 -15 -16
leaf_value=0.00014232553467892177 0.1368140718134323 0.0010677272014273621 0.049223678549809469 0.11643896256342973 -0.063411443727510453 0.029005700483051407 -0.064082749899443195 -0.020968325774105179 -0.061141025281704231 0.021809259321512162 -0.070269634308870774 -0.025006545229836277 -0.020185586675867308 0.058348173264524732 -0.037740354018636277
leaf_weight=10.000000000000002 9.9999999999999982 15.999999999999998 16.000000000000004 9.9999999999999982 11.000000000000002 10.000000000000002 11.000000000000002 15.000000000000002 10.999999999999998 12.999999999999998 17 12.999999999999998 10.999999999999998 9.9999999999999982 9.9999999999999982
leaf_count=10 10 16 16 10 11 10 11 15 11 13 17 13 11 10 10
internal_value=-1.51805e-05 0.0592902 0.0930847 0.0756144 -0.0350759 0.0251929 -0.0239679 -0.0143207 -0.0318591 -0.000922435 -0.0514402 -0.0433155 -0.0410936 0.044143 -0.0516609
internal_weight=194 72 36 26 122 36 73 49 21 28 49 24 32 20 21
internal_count=194 72 36 26 122 36 73 49 21 28 49 24 32 20 21
is_linear=0
shrinkage=0.05


Tree=64
num_leaves=11
num_cat=0
split_feature=8 8 3 3 25 9 43 26 27 15
split_gain=146.152 18.1625 18.1487 10.3125 6.04696 4.3212 3.78933 5.13208 3.58253 3.45461
threshold=63.008000000000003 4.1065000000000014 33.980000000000011 49.290000000000006 0.97913333333333419 26.230000000000004 349.00000000000006 1.539407142857143 0.41650000000000004 5.5000000000000009
decision_type=2 2 2 2 2 2 2 2 2 2
left_child=1 -1 4 9 -2 -6 7 -7 -4 -3
right_child=2 3 8 -5 5 6 -8 -9 -10 -11
leaf_value=0.13004109806353503 -0.0043626960142390103 0.010089420647092971 0.034766916986001588 0.083062167824562938 -0.065078725808898341 -0.01934978633475103 -0.060623888045776897 -0.046672341871103175 -0.0040132236449008296 0.04835558801148989
leaf_weight=9.9999999999999982 13.999999999999998 10.000000000000002 10.000000000000002 19 14.999999999999998 43 12.999999999999998 30 13.999999999999998 15.999999999999998
leaf_count=10 14 10 10 19 15 43 13 30 14 16
internal_value=-1.18442e-05 0.0688808 -0.0273374 0.0549205 -0.0355968 -0.0398682 -0.0353425 -0.0306951 0.0120149 0.0339244
internal_weight=194 55 139 45 115 101 86 73 24 26
internal_count=194 55 139 45 115 101 86 73 24 26
is_linear=0
shrinkage=0.05


end of trees

feature_importances:
blast_radius_percent=128
stability_score=113
cascade_depth=97
latency_ratio=74
fault_intensity=46
degraded_fraction=43
max_cpu_percent=35
max_memory_mb=34
intensity_above_stable=32
error_delta_lag2=25
error_delta_lag1=19
stability_score_lag3=17
error_delta_roll3=17
error_delta_lag3=16
avg_memory_mb=15
avg_cpu_percent=14
blast_radius_percent_roll7=14
blast_radius_percent_lag2=12
max_stable_intensity=11
error_delta=11
blast_radius_percent_lag3=11
total_endpoints=10
stability_score_lag1=9
stability_score_lag2=8
blast_radius_percent_roll3=8
breaking_intensity=6
total_requests=6
latency_ratio_roll7=6
impact_order=5
stability_score_roll3=5
cascade_depth_roll7=5
system_severity=4
latency_ratio_lag1=4
blast_radius_percent_lag1=4
cascade_depth_lag2=4
stability_score_roll7=3
latency_ratio_lag2=3
latency_ratio_lag3=3
latency_ratio_roll3=3
cascade_depth_lag1=3
cascade_depth_lag3=2
days_since_start=2
error_delta_roll7=1
cascade_depth_roll3=1

parameters:
[boosting: gbdt]
[objective: regression]
[metric: l1]
[tree_learner: serial]
[device_type: cpu]
[data_sample_strategy: bagging]
[data: ]
[valid: ]
[num_iterations: 400]
[learning_rate: 0.05]
[num_leaves: 31]
[num_threads: 6]
[seed: 42]
[deterministic: 0]
[force_col_wise: 0]
[force_row_wise: 0]
[histogram_pool_size: -1]
[max_depth: 6]
[min_data_in_leaf: 10]
[min_sum_hessian_in_leaf: 0.001]
[bagging_fraction: 0.8]
[pos_bagging_fraction: 1]
[neg_bagging_fraction: 1]
[bagging_freq: 0]
[bagging_seed: 400]
[bagging_by_query: 0]
[feature_fraction: 0.8]
[feature_fraction_bynode: 1]
[feature_fraction_seed: 30056]
[extra_trees: 0]
[extra_seed: 12879]
[early_stopping_round: 0]
[early_stopping_min_delta: 0]
[first_metric_only: 0]
[max_delta_step: 0]
[lambda_l1: 0.1]
[lambda_l2: 0.1]
[linear_lambda: 0]
[min_gain_to_split: 0]
[drop_rate: 0.1]
[max_drop: 50]
[skip_drop: 0.5]
[xgboost_dart_mode: 0]
[uniform_drop: 0]
[drop_seed: 17869]
[top_rate: 0.2]
[other_rate: 0.1]
[min_data_per_group: 100]
[max_cat_threshold: 32]
[cat_l2: 10]
[cat_smooth: 10]
[max_cat_to_onehot: 4]
[top_k: 20]
[monotone_constraints: ]
[monotone_constraints_method: basic]
[monotone_penalty: 0]
[feature_contri: ]
[forcedsplits_filename: ]
[refit_decay_rate: 0.9]
[cegb_tradeoff: 1]
[cegb_penalty_split: 0]
[cegb_penalty_feature_lazy: ]
[cegb_penalty_feature_coupled: ]
[path_smooth: 0]
[interaction_constraints: ]
[verbosity: -1]
[saved_feature_importance_type: 0]
[use_quantized_grad: 0]
[num_grad_quant_bins: 4]
[quant_train_renew_leaf: 0]
[stochastic_rounding: 1]
[linear_tree: 0]
[max_bin: 255]
[max_bin_by_feature: ]
[min_data_in_bin: 3]
[bin_construct_sample_cnt: 200000]
[data_random_seed: 175]
[is_enable_sparse: 1]
[enable_bundle: 1]
[use_missing: 1]
[zero_as_missing: 0]
[feature_pre_filter: 1]
[pre_partition: 0]
[two_round: 0]
[header: 0]
[label_column: ]
[weight_column: ]
[group_column: ]
[ignore_column: ]
[categorical_feature: ]
[forcedbins_filename: ]
[precise_float_parser: 0]
[parser_config_file: ]
[objective_seed: 16083]
[num_class: 1]
[is_unbalance: 0]
[scale_pos_weight: 1]
[sigmoid: 1]
[boost_from_average: 1]
[reg_sqrt: 0]
[alpha: 0.9]
[fair_c: 1]
[poisson_max_delta_step: 0.7]
[tweedie_variance_power: 1.5]
[lambdarank_truncation_level: 30]
[lambdarank_norm: 1]
[label_gain: ]
[lambdarank_position_bias_regularization: 0]
[eval_at: ]
[multi_error_top_k: 1]
[auc_mu_weights: ]
[num_machines: 1]
[local_listen_port: 12400]
[time_out: 120]
[machine_list_filename: ]
[machines: ]
[gpu_platform_id: -1]
[gpu_device_id: -1]
[gpu_use_dp: 0]
[num_gpu: 1]

end of parameters

pandas_categorical:[]
